owned,make_model,review_month,web_browser,reviewer_age,primary_use,value_for_money,overall_rating
1,Nielah-Eyden,Oct,Chrome,23,Commuting,5/10,18.62
0,Nielah-Keetra,Jun,NA,24,Commuting,4/10,15.55
0,Lunna-Keetra,23-Oct,Chrome,28,Commuting,5/10,12.76
1,Hoang-Keetra,07-Nov,IE,41,Leisure,5/10,17.07
1,Lunna-Keetra,16-Sep,Chrome,33,Leisure,5/10,12.29
0,Lunna-Eyden,26-Aug,IE,47,Commuting,5/10,15.28
-0,Lunna-Keetra,01-Mar,Chrome,20,Leisure,3/10,12.28
1,Nielah-Keetra,15-Mar,Chrome,32,Commuting,7/10,15.92
1,Nielah-Eyden,09-Mar,Chrome,35,Commuting,4/10,19.39
1,Nielah-Eyden,Jul,Firefox,22,Commuting,6/10,18.38
1,Nielah-Eyden,Jul,Chrome,41,Commuting,4/10,19.26
-0,Nielah-Keetra,10-Nov,Chrome,35,Commuting,5/10,15.84
1,Nielah-Eyden,Mar,IE,29,Commuting,6/10,19.25
0,Lunna-Eyden,Apr,NA,41,Commuting,3/10,15.55
1,Nielah-Eyden,Sep,Chrome,39,Commuting,6/10,19.11
1,Nielah-Eyden,27-Dec,Chrome,33,Leisure,5/10,19.23
0,Nielah-Eyden,11-Nov,Safari,42,Commuting,3/10,19.66
1,Hoang-Eyden,07-Dec,IE,36,Leisure,6/10,20.38
1,Nielah-Eyden,Feb,Chrome,40,Commuting,5/10,18.28
0,Nielah-Eyden,Sep,IE,27,Commuting,4/10,18.23
-0,Lunna-Keetra,Jul,Android,29,Leisure,6/10,12.33
1,Nielah-Keetra,Jan,IE,48,Commuting,3/10,16
0,Lunna-Keetra,06-Jun,NA,33,Leisure,4/10,12.93
-0,Hoang-Keetra,12-Jul,Safari,24,Leisure,3/10,17.27
1,Nielah-Eyden,Sep,Firefox,34,Commuting,4/10,18.83
0,Lunna-Keetra,02-Aug,Chrome,24,Commuting,6/10,12.05
0,Lunna-Eyden,23-Feb,IE,16,Commuting,4/10,15.2
1,Nielah-Eyden,27-Jul,IE,21,Commuting,6/10,18.86
0,Lunna-Eyden,26-Nov,IE,25,Leisure,5/10,15.14
1,Hoang-Eyden,30-Apr,IE,41,Leisure,5/10,20.94
-0,Lunna-Eyden,Feb,IE,30,Commuting,5/10,14.73
1,Hoang-Keetra,31-Jul,Chrome,-,Commuting,5/10,17.27
0,Lunna-Eyden,22-Nov,Firefox,21,Commuting,5/10,15.12
1,Nielah-Eyden,05-Sep,Safari,32,Leisure,5/10,19.06
0,Nielah-Eyden,05-Dec,Firefox,46,Leisure,2/10,18.75
1,Nielah-Keetra,Feb,NA,22,Commuting,6/10,16.25
0,Lunna-Eyden,21-Jul,NA,47,Commuting,3/10,15.73
1,Nielah-Eyden,Jan,Firefox,23,Commuting,4/10,20.2
0,Nielah-Eyden,Jul,Chrome,30,Commuting,6/10,18.51
1,Nielah-Eyden,15-Nov,IE,48,Commuting,6/10,18.32
1,Hoang-Keetra,07-Jun,NA,24,Leisure,4/10,17.93
-0,Nielah-Keetra,Jan,Chrome,24,Commuting,2/10,15.28
1,Nielah-Eyden,Jun,Chrome,37,Leisure,4/10,19.08
0,Hoang-Keetra,Oct,IE,31,Leisure,2/10,17.24
0,Lunna-Keetra,20-May,NA,17,Commuting,4/10,12.06
0,Hoang-Keetra,Oct,IE,29,Commuting,5/10,16.93
1,Nielah-Eyden,23-Sep,Chrome,34,Commuting,7/10,18.4
1,Hoang-Eyden,10-Sep,Chrome,36,Leisure,6/10,20.18
-0,Lunna-Keetra,19-Oct,IE,37,Leisure,5/10,12.01
1,Nielah-Eyden,Oct,Firefox,42,Commuting,6/10,18.51
0,Lunna-Eyden,28-Oct,Chrome,16,Commuting,6/10,14.8
1,Nielah-Eyden,08-Apr,Chrome,44,Commuting,4/10,18.77
1,Nielah-Eyden,Jun,Chrome,-,Commuting,7/10,18.51
1,Nielah-Eyden,14-Feb,Chrome,-,Commuting,4/10,19.18
1,Hoang-Eyden,Jun,Chrome,41,Commuting,6/10,20.33
0,Lunna-Keetra,28-Nov,Chrome,37,Commuting,4/10,12.07
0,Lunna-Eyden,28-Feb,Firefox,-,Commuting,4/10,15.13
0,Nielah-Eyden,Apr,Safari,28,Leisure,5/10,19.02
1,Nielah-Eyden,28-Jul,IE,48,Commuting,7/10,18.86
1,Nielah-Eyden,21-Jul,Opera,20,Commuting,4/10,18.31
1,Nielah-Eyden,12-Apr,Chrome,42,Commuting,6/10,18.64
0,Nielah-Eyden,25-Apr,IE,33,Commuting,4/10,18.85
1,Nielah-Eyden,25-Oct,Safari,36,Commuting,4/10,18.64
1,Nielah-Eyden,Jun,Chrome,35,Commuting,5/10,18.61
0,Lunna-Keetra,08-Jul,Firefox,40,Commuting,4/10,12.14
1,Hoang-Keetra,29-Mar,Firefox,44,Commuting,5/10,18.14
0,Hoang-Keetra,22-Sep,NA,23,Leisure,3/10,17.37
1,Hoang-Eyden,26-Jun,Opera,31,Leisure,6/10,22.76
0,Lunna-Keetra,Mar,Chrome,26,Leisure,3/10,12.14
0,Lunna-Keetra,24-May,Safari,33,Leisure,6/10,12.22
0,Nielah-Eyden,Jun,Chrome,38,Leisure,4/10,19.26
1,Lunna-Eyden,Sep,Firefox,-,Commuting,6/10,15.83
1,Hoang-Eyden,12-Mar,Chrome,21,Leisure,7/10,21.33
-0,Nielah-Eyden,15-Feb,Safari,33,Leisure,4/10,18.55
1,Lunna-Eyden,28-Aug,Chrome,47,Commuting,4/10,16.59
-0,Nielah-Keetra,May,Chrome,42,Leisure,3/10,16.17
0,Lunna-Keetra,Sep,NA,32,Commuting,3/10,12.5
-0,Lunna-Eyden,16-Jun,IE,-,Commuting,3/10,15.06
1,Hoang-Keetra,02-Jul,Safari,49,Commuting,7/10,18.13
0,Lunna-Eyden,Jul,Chrome,23,Commuting,6/10,14.79
1,Nielah-Eyden,06-Feb,IE,26,Commuting,6/10,18.29
0,Lunna-Keetra,21-Jun,Chrome,32,Commuting,4/10,12.84
1,Lunna-Keetra,Jul,Firefox,27,Commuting,5/10,13.18
-0,Lunna-Eyden,Nov,Safari,23,Commuting,6/10,15.22
1,Nielah-Eyden,21-Apr,NA,16,Commuting,6/10,19.13
1,Nielah-Keetra,Oct,IE,44,Commuting,4/10,15.73
1,Nielah-Eyden,19-Jul,Android,44,Commuting,6/10,19.16
0,Lunna-Keetra,Mar,Firefox,31,Leisure,4/10,12.17
0,Lunna-Eyden,Jun,Chrome,20,Commuting,6/10,15.42
-0,Hoang-Keetra,31-May,NA,20,Commuting,5/10,16.97
0,Nielah-Keetra,19-Oct,Firefox,21,Commuting,5/10,15.44
1,Nielah-Eyden,11-Aug,Firefox,-,Commuting,6/10,18.76
1,Lunna-Eyden,31-May,Firefox,46,Leisure,9/10,15.26
0,Lunna-Keetra,14-Mar,Chrome,34,Leisure,4/10,12.17
1,Hoang-Eyden,12-Dec,Firefox,36,Leisure,5/10,20.38
-0,Lunna-Keetra,Apr,Firefox,-,Commuting,5/10,12.82
-0,Lunna-Eyden,Sep,Chrome,30,Commuting,3/10,15.38
1,Lunna-Eyden,02-Apr,IE,30,Commuting,5/10,16.56
1,Hoang-Keetra,Jan,Chrome,40,Leisure,7/10,17.13
1,Nielah-Eyden,Jun,Firefox,22,Commuting,5/10,19.32
1,Hoang-Keetra,Mar,IE,28,Leisure,5/10,16.98
-0,Lunna-Eyden,Mar,Opera,29,Commuting,4/10,15.5
-0,Lunna-Eyden,23-Aug,Safari,46,Leisure,4/10,15.23
1,Hoang-Eyden,Apr,Firefox,42,Commuting,7/10,20.29
1,Hoang-Keetra,Sep,NA,38,Leisure,5/10,17.44
1,Nielah-Eyden,11-Feb,Chrome,46,Commuting,8/10,18.74
0,Lunna-Keetra,10-Sep,Firefox,22,Commuting,3/10,12.57
1,Hoang-Keetra,May,IE,16,Commuting,4/10,17.42
1,Hoang-Eyden,Jan,Firefox,-,Leisure,6/10,21.18
1,Nielah-Keetra,24-Aug,Firefox,27,Commuting,8/10,15.85
0,Lunna-Eyden,Jan,Firefox,50,Commuting,4/10,14.88
1,Hoang-Keetra,Jul,IE,-,Leisure,5/10,17.67
1,Lunna-Eyden,Mar,IE,30,Commuting,5/10,14.71
1,Nielah-Eyden,03-Jun,Chrome,27,Leisure,3/10,20
0,Lunna-Eyden,Sep,Chrome,-,Commuting,5/10,15.51
1,Hoang-Eyden,05-Dec,IE,22,Commuting,5/10,20.12
1,Nielah-Eyden,Oct,Chrome,32,Leisure,5/10,18.93
0,Lunna-Eyden,Jan,Chrome,46,Commuting,3/10,14.98
1,Nielah-Eyden,01-Apr,Chrome,27,Commuting,6/10,18.88
0,Lunna-Eyden,24-Nov,Safari,50,Commuting,6/10,14.75
1,Nielah-Eyden,May,Firefox,39,Commuting,6/10,19.53
0,Nielah-Eyden,Apr,Chrome,46,Commuting,4/10,18.32
0,Lunna-Eyden,May,Chrome,32,Leisure,5/10,14.81
1,Hoang-Eyden,Dec,IE,27,Leisure,6/10,20.93
0,Nielah-Eyden,23-Aug,Firefox,47,Commuting,6/10,18.7
-0,Nielah-Eyden,26-Mar,Chrome,41,Commuting,6/10,18.34
1,Lunna-Keetra,22-Oct,Chrome,45,Leisure,5/10,12.49
0,Lunna-Keetra,22-Jan,NA,41,Commuting,6/10,12.83
0,Lunna-Eyden,28-Nov,Chrome,17,Commuting,3/10,15.36
1,Hoang-Eyden,Oct,Chrome,27,Commuting,6/10,19.97
1,Lunna-Eyden,17-Mar,Chrome,42,Commuting,5/10,15.47
1,Hoang-Eyden,26-Aug,IE,20,Commuting,5/10,20.38
1,Nielah-Eyden,05-Oct,Chrome,21,Commuting,3/10,18.38
0,Nielah-Keetra,Sep,Chrome,-,Commuting,3/10,15.54
1,Hoang-Eyden,20-Mar,Firefox,41,Leisure,5/10,20.16
1,Nielah-Eyden,13-Jul,IE,21,Commuting,4/10,18.95
1,Nielah-Eyden,Feb,Chrome,16,Commuting,7/10,19.02
1,Hoang-Eyden,03-Oct,Chrome,34,Commuting,6/10,20.96
1,Lunna-Eyden,16-Nov,Chrome,34,Leisure,4/10,15.65
0,Nielah-Eyden,10-Apr,Chrome,20,Commuting,5/10,18.42
0,Nielah-Eyden,12-Aug,NA,38,Commuting,8/10,19.01
0,Nielah-Keetra,Jan,Firefox,30,Commuting,3/10,15.63
0,Lunna-Keetra,19-Aug,Firefox,50,Leisure,5/10,11.97
-0,Lunna-Eyden,Jan,IE,-,Leisure,5/10,15.51
1,Nielah-Eyden,09-Oct,Firefox,41,Commuting,3/10,18.47
1,Nielah-Eyden,Aug,Firefox,32,Commuting,6/10,18.51
1,Nielah-Eyden,Aug,Firefox,20,Leisure,7/10,18.62
0,Nielah-Eyden,05-Nov,NA,19,Commuting,5/10,18.62
1,Lunna-Eyden,Jul,Chrome,20,Leisure,4/10,15.54
0,Lunna-Eyden,Nov,Firefox,39,Commuting,5/10,15.29
1,Nielah-Eyden,Nov,Chrome,-,Commuting,5/10,19.34
-0,Lunna-Eyden,Apr,NA,17,Commuting,5/10,14.66
1,Lunna-Eyden,03-Oct,Safari,17,Commuting,4/10,15.26
1,Nielah-Eyden,Jun,Firefox,27,Commuting,6/10,18.41
1,Hoang-Keetra,23-Dec,Chrome,33,Leisure,6/10,18.1
0,Lunna-Eyden,Jul,Chrome,17,Commuting,2/10,14.66
1,Nielah-Eyden,Dec,Chrome,36,Commuting,5/10,19.6
1,Hoang-Keetra,Sep,Chrome,31,Commuting,8/10,18.03
-0,Lunna-Eyden,06-Jul,Chrome,-,Leisure,4/10,15.38
1,Hoang-Eyden,Feb,IE,27,Commuting,6/10,20.55
1,Nielah-Eyden,Jun,Safari,46,Commuting,6/10,18.88
0,Lunna-Keetra,03-Feb,NA,45,Commuting,3/10,13.17
0,Nielah-Eyden,Jun,Chrome,46,Commuting,5/10,18.49
1,Nielah-Eyden,Aug,Chrome,44,Commuting,7/10,18.45
1,Hoang-Eyden,21-May,Chrome,37,Commuting,6/10,20.77
-0,Lunna-Eyden,03-Jul,Firefox,41,Commuting,6/10,15.17
1,Lunna-Eyden,10-May,IE,29,Leisure,5/10,16.52
1,Nielah-Eyden,Dec,Chrome,43,Commuting,3/10,18.17
0,Lunna-Eyden,12-Jun,Chrome,30,Commuting,4/10,14.97
0,Lunna-Keetra,20-Oct,Safari,43,Leisure,4/10,12.12
0,Lunna-Eyden,Apr,Firefox,35,Commuting,6/10,15.46
-0,Lunna-Eyden,Apr,Safari,35,Commuting,3/10,14.97
1,Nielah-Eyden,17-Sep,Chrome,38,Commuting,5/10,19.21
0,Nielah-Eyden,Aug,IE,42,Commuting,4/10,20.08
-0,Lunna-Eyden,24-Feb,Chrome,-,Commuting,2/10,15.28
1,Nielah-Eyden,24-Sep,Safari,39,Commuting,7/10,19.55
0,Lunna-Eyden,Jul,Firefox,39,Commuting,6/10,14.73
1,Nielah-Eyden,Apr,IE,22,Commuting,6/10,18.53
1,Nielah-Eyden,Dec,Firefox,40,Leisure,5/10,19.28
0,Lunna-Eyden,Nov,Chrome,22,Commuting,5/10,15.71
1,Nielah-Keetra,Aug,Safari,47,Commuting,7/10,15.85
1,Nielah-Eyden,14-Sep,Chrome,20,Commuting,7/10,18.44
1,Hoang-Keetra,25-Apr,IE,48,Commuting,3/10,17.54
1,Nielah-Eyden,07-Sep,IE,42,Leisure,7/10,18.59
0,Lunna-Eyden,30-Nov,Chrome,-,Commuting,4/10,14.83
0,Hoang-Keetra,17-Jun,IE,19,Commuting,3/10,17.16
1,Lunna-Eyden,16-Dec,Safari,45,Commuting,6/10,16.16
1,Lunna-Eyden,Mar,Chrome,19,Commuting,6/10,15.19
1,Nielah-Keetra,16-Jul,Safari,43,Commuting,5/10,16.97
-0,Lunna-Keetra,08-Jul,Firefox,46,Commuting,4/10,12.6
0,Lunna-Keetra,Dec,Chrome,17,Leisure,2/10,13.04
0,Lunna-Eyden,May,Firefox,29,Leisure,4/10,14.78
0,Nielah-Eyden,23-Jun,Chrome,28,Leisure,4/10,19
0,Nielah-Eyden,16-Mar,Chrome,25,Commuting,3/10,18.45
1,Nielah-Eyden,Apr,Safari,23,Commuting,6/10,18.62
1,Hoang-Eyden,Mar,IE,39,Leisure,5/10,19.87
1,Lunna-Eyden,Mar,Firefox,17,Commuting,7/10,15.52
1,Lunna-Eyden,Jan,Firefox,47,Commuting,8/10,15.27
1,Nielah-Eyden,May,IE,48,Commuting,7/10,18.37
1,Hoang-Eyden,01-Jul,Firefox,29,Leisure,6/10,20.83
0,Lunna-Eyden,29-Sep,NA,41,Commuting,5/10,14.82
1,Nielah-Eyden,May,Chrome,33,Commuting,8/10,18.25
1,Hoang-Eyden,26-Dec,Chrome,37,Commuting,6/10,20.27
-0,Lunna-Keetra,28-Nov,NA,36,Commuting,6/10,12.46
1,Nielah-Eyden,10-Apr,Firefox,29,Commuting,5/10,20.18
1,Nielah-Eyden,Feb,Chrome,47,Leisure,6/10,20.14
1,Nielah-Eyden,06-Apr,Chrome,-,Commuting,5/10,19.74
0,Lunna-Keetra,Dec,Safari,31,Leisure,4/10,11.95
0,Nielah-Keetra,Jun,NA,38,Commuting,7/10,15.71
-0,Lunna-Keetra,16-Nov,Firefox,37,Commuting,5/10,12.53
0,Nielah-Eyden,Feb,Chrome,39,Commuting,4/10,18.8
0,Nielah-Eyden,26-Jul,Chrome,16,Commuting,5/10,18.53
1,Lunna-Eyden,Oct,IE,50,Leisure,5/10,15.03
0,Hoang-Keetra,Aug,Opera,-,Leisure,3/10,17.02
0,Nielah-Keetra,01-Sep,Chrome,36,Commuting,6/10,16.38
-0,Lunna-Keetra,Feb,Chrome,48,Commuting,5/10,12.17
1,Lunna-Eyden,Aug,Chrome,25,Leisure,10/10,14.98
1,Nielah-Keetra,Sep,Chrome,50,Leisure,5/10,16.35
0,Nielah-Eyden,Jun,Firefox,41,Commuting,6/10,18.83
1,Hoang-Eyden,Nov,Firefox,22,Commuting,5/10,20.19
1,Lunna-Keetra,Oct,Chrome,41,Commuting,4/10,12.56
-0,Lunna-Eyden,25-Oct,IE,19,Leisure,5/10,15.19
1,Lunna-Eyden,30-Mar,Firefox,49,Leisure,6/10,15.35
1,Lunna-Eyden,Feb,Chrome,47,Commuting,7/10,14.97
1,Lunna-Eyden,Mar,Safari,33,Commuting,6/10,15.04
-0,Lunna-Eyden,19-Jan,Chrome,41,Commuting,6/10,15.01
0,Lunna-Keetra,11-Dec,Chrome,20,Leisure,7/10,12.23
1,Nielah-Keetra,21-Apr,Firefox,40,Commuting,7/10,15.55
1,Hoang-Keetra,12-Jun,Firefox,45,Leisure,5/10,17.6
-0,Lunna-Keetra,15-Oct,Chrome,38,Commuting,7/10,12.34
1,Nielah-Eyden,Feb,Firefox,31,Commuting,5/10,18.22
0,Lunna-Keetra,24-Nov,Chrome,30,Leisure,4/10,12.8
0,Lunna-Keetra,27-Jan,Chrome,46,Commuting,4/10,12.32
0,Nielah-Eyden,Mar,Firefox,50,Leisure,4/10,18.3
0,Lunna-Eyden,Jan,IE,35,Commuting,6/10,15.32
1,Lunna-Keetra,27-Aug,Safari,35,Commuting,6/10,12.31
1,Hoang-Eyden,12-Dec,Chrome,24,Commuting,6/10,20.61
0,Lunna-Eyden,17-Jan,NA,40,Commuting,5/10,15.46
1,Nielah-Eyden,04-Dec,Chrome,27,Commuting,3/10,18.84
0,Nielah-Keetra,Apr,Firefox,45,Commuting,6/10,15.79
1,Nielah-Eyden,11-Jan,Safari,43,Commuting,4/10,18.91
1,Lunna-Eyden,22-Mar,Chrome,18,Leisure,4/10,15.58
1,Nielah-Eyden,19-Sep,Chrome,40,Commuting,4/10,19.37
0,Nielah-Eyden,21-Jun,Chrome,27,Commuting,6/10,18.64
0,Lunna-Eyden,Apr,Chrome,29,Commuting,2/10,14.76
-0,Nielah-Eyden,03-Aug,Safari,31,Commuting,6/10,18.8
1,Lunna-Eyden,Oct,IE,41,Commuting,5/10,14.78
1,Lunna-Eyden,Apr,IE,39,Leisure,5/10,15.9
-0,Lunna-Keetra,Apr,IE,20,Commuting,2/10,12.44
0,Lunna-Eyden,May,Chrome,42,Commuting,6/10,16.25
0,Lunna-Keetra,12-Jun,Chrome,24,Commuting,2/10,11.97
0,Nielah-Eyden,19-Sep,Chrome,46,Commuting,5/10,18.58
1,Nielah-Eyden,20-Jun,Chrome,35,Commuting,7/10,18.62
1,Lunna-Keetra,28-Aug,Chrome,20,Leisure,6/10,12.55
1,Nielah-Keetra,Mar,NA,35,Commuting,8/10,15.63
0,Nielah-Keetra,26-Dec,Chrome,40,Commuting,5/10,16.11
1,Lunna-Eyden,07-May,IE,26,Commuting,6/10,14.71
1,Hoang-Keetra,Nov,IE,37,Commuting,5/10,17.6
-0,Lunna-Eyden,11-May,Chrome,28,Commuting,5/10,15.37
-0,Nielah-Eyden,29-Dec,NA,43,Commuting,4/10,18.46
1,Hoang-Eyden,Sep,Chrome,46,Leisure,6/10,20.22
0,Nielah-Eyden,06-Dec,Chrome,49,Commuting,2/10,19.34
1,Nielah-Eyden,30-Jun,Firefox,25,Commuting,7/10,19.71
-0,Hoang-Keetra,Mar,IE,19,Commuting,2/10,17.42
1,Nielah-Eyden,10-Oct,IE,33,Commuting,7/10,18.41
1,Hoang-Eyden,Apr,Chrome,41,Leisure,3/10,21.1
1,Nielah-Keetra,May,Chrome,30,Commuting,6/10,16.19
1,Hoang-Keetra,27-Jun,Safari,-,Leisure,5/10,17.54
1,Lunna-Eyden,Mar,Chrome,50,Commuting,6/10,15.21
-0,Lunna-Keetra,17-Apr,Safari,38,Commuting,5/10,12.26
1,Hoang-Eyden,25-Apr,Chrome,-,Commuting,6/10,21.04
1,Nielah-Eyden,Dec,NA,28,Commuting,5/10,18.51
1,Nielah-Eyden,29-Jul,Chrome,26,Commuting,6/10,20.03
1,Nielah-Eyden,21-Apr,Firefox,45,Commuting,7/10,18.89
1,Nielah-Eyden,29-Aug,IE,47,Commuting,6/10,18.49
1,Nielah-Eyden,17-Feb,NA,37,Commuting,4/10,19.08
1,Nielah-Eyden,Mar,IE,25,Commuting,5/10,18.67
1,Lunna-Eyden,06-Oct,Firefox,33,Commuting,4/10,16
1,Hoang-Keetra,Jan,Chrome,49,Leisure,5/10,17.43
-0,Lunna-Keetra,Jan,Safari,47,Leisure,5/10,12.56
1,Hoang-Keetra,Oct,IE,31,Leisure,4/10,17.2
1,Nielah-Eyden,Sep,Chrome,45,Commuting,5/10,18.52
1,Nielah-Eyden,22-Feb,Firefox,44,Commuting,7/10,18.63
1,Hoang-Eyden,Jan,Opera,40,Commuting,7/10,21.25
1,Lunna-Eyden,24-Dec,IE,24,Commuting,5/10,15.63
0,Nielah-Eyden,30-Mar,Firefox,-,Commuting,4/10,18.5
1,Hoang-Keetra,12-Aug,Chrome,44,Leisure,3/10,18.36
0,Lunna-Keetra,Jan,Chrome,19,Leisure,4/10,12.21
1,Nielah-Eyden,Nov,Safari,36,Commuting,6/10,18.89
0,Lunna-Keetra,Apr,IE,42,Commuting,3/10,12.89
1,Hoang-Keetra,21-Oct,IE,45,Leisure,6/10,17.21
1,Nielah-Eyden,22-Jun,NA,49,Commuting,8/10,18.96
1,Nielah-Eyden,05-Oct,Android,37,Commuting,6/10,18.2
-0,Nielah-Eyden,Dec,Chrome,32,Commuting,3/10,18.83
1,Nielah-Eyden,Mar,Chrome,34,Leisure,5/10,18.87
-0,Nielah-Eyden,09-Jun,Chrome,18,Commuting,5/10,18.7
0,Nielah-Eyden,30-Nov,Chrome,32,Commuting,4/10,18.62
1,Nielah-Eyden,May,Chrome,49,Commuting,7/10,18.97
1,Nielah-Eyden,16-Aug,Chrome,18,Commuting,4/10,19.52
0,Lunna-Eyden,Sep,NA,25,Leisure,5/10,14.85
0,Hoang-Keetra,27-Oct,Chrome,34,Leisure,5/10,18.75
-0,Lunna-Keetra,13-Nov,Chrome,-,Commuting,7/10,12.65
0,Nielah-Eyden,25-Mar,Chrome,42,Commuting,2/10,19.26
1,Nielah-Eyden,19-Nov,Chrome,42,Commuting,5/10,19.67
0,Nielah-Eyden,31-Jan,Chrome,45,Commuting,5/10,18.89
0,Nielah-Eyden,Nov,Firefox,19,Commuting,4/10,18.92
1,Hoang-Eyden,16-Nov,Chrome,39,Commuting,5/10,20.15
1,Nielah-Eyden,Dec,Firefox,24,Commuting,5/10,18.08
1,Nielah-Eyden,Jun,Chrome,26,Commuting,7/10,19.05
0,Nielah-Eyden,Apr,Chrome,42,Commuting,3/10,18.54
1,Lunna-Keetra,Feb,NA,32,Leisure,4/10,12.27
-0,Lunna-Eyden,05-May,Chrome,36,Commuting,4/10,14.79
-0,Lunna-Keetra,12-Mar,Chrome,23,Leisure,5/10,11.87
1,Nielah-Eyden,Oct,IE,42,Commuting,8/10,18.34
-0,Nielah-Eyden,Aug,Chrome,50,Commuting,5/10,18.27
1,Nielah-Eyden,08-Aug,Firefox,37,Commuting,7/10,18.63
-0,Nielah-Eyden,21-Sep,IE,23,Commuting,3/10,18.39
-0,Lunna-Keetra,07-Sep,NA,46,Leisure,4/10,11.95
1,Nielah-Eyden,04-May,Safari,30,Commuting,7/10,18.59
0,Nielah-Eyden,Jul,Firefox,36,Commuting,3/10,18.46
1,Lunna-Eyden,30-Jun,Firefox,18,Commuting,6/10,15.84
0,Nielah-Eyden,Dec,Safari,23,Commuting,4/10,18.15
1,Lunna-Eyden,26-Jan,Firefox,38,Commuting,5/10,15.02
0,Lunna-Eyden,22-Oct,Firefox,49,Commuting,5/10,17.18
-0,Lunna-Eyden,Sep,Chrome,-,Commuting,4/10,15.26
1,Nielah-Eyden,22-Dec,Safari,40,Commuting,5/10,18.79
-0,Lunna-Eyden,May,Chrome,17,Leisure,3/10,14.74
-0,Hoang-Keetra,15-Dec,IE,50,Leisure,3/10,17.51
0,Lunna-Eyden,Jun,Chrome,32,Commuting,4/10,15.8
1,Nielah-Eyden,03-Sep,NA,46,Commuting,6/10,19.12
0,Nielah-Eyden,24-Oct,IE,19,Leisure,7/10,18.21
-0,Lunna-Eyden,24-Oct,Firefox,42,Commuting,3/10,14.8
-0,Lunna-Keetra,Jul,IE,31,Leisure,4/10,12.59
0,Nielah-Eyden,13-Nov,Chrome,20,Commuting,5/10,18.82
-0,Hoang-Keetra,26-Mar,IE,22,Leisure,3/10,17.54
1,Nielah-Eyden,Mar,Chrome,24,Commuting,2/10,18.38
0,Nielah-Eyden,14-Feb,Chrome,44,Commuting,4/10,18.49
-0,Hoang-Keetra,21-Feb,Chrome,41,Leisure,6/10,17.29
0,Nielah-Eyden,Mar,Firefox,18,Commuting,5/10,18.44
1,Hoang-Keetra,Aug,Chrome,35,Commuting,8/10,17.96
1,Nielah-Eyden,19-May,Firefox,19,Commuting,6/10,18.54
-0,Lunna-Keetra,Jun,Chrome,-,Leisure,5/10,12.07
0,Nielah-Eyden,16-Aug,Chrome,26,Commuting,4/10,18.24
0,Lunna-Eyden,Oct,Chrome,29,Leisure,3/10,15.22
1,Lunna-Keetra,07-Apr,Chrome,19,Commuting,7/10,12.92
1,Lunna-Eyden,30-Nov,Chrome,37,Leisure,4/10,15.49
1,Nielah-Eyden,23-Feb,NA,47,Leisure,4/10,18.9
0,Lunna-Eyden,12-Jan,IE,-,Commuting,6/10,15.26
1,Hoang-Eyden,27-Dec,Chrome,39,Leisure,8/10,20.13
0,Nielah-Keetra,29-Jun,Chrome,45,Leisure,5/10,16.01
0,Nielah-Eyden,28-Jul,IE,40,Commuting,5/10,18.67
1,Nielah-Eyden,20-Apr,Chrome,20,Commuting,4/10,18.47
-0,Lunna-Keetra,Dec,Chrome,33,Commuting,4/10,12.41
1,Nielah-Eyden,Jun,NA,40,Commuting,6/10,19.44
1,Nielah-Eyden,14-Jul,NA,43,Commuting,5/10,18.95
0,Lunna-Eyden,11-Jun,Chrome,32,Commuting,3/10,15.57
0,Nielah-Eyden,Jul,Chrome,34,Commuting,5/10,18.68
1,Hoang-Keetra,21-Apr,Chrome,28,Commuting,3/10,17.24
1,Lunna-Eyden,Jan,Safari,24,Commuting,4/10,15.61
0,Lunna-Keetra,03-May,IE,20,Commuting,4/10,12.08
1,Hoang-Eyden,Jan,Android,39,Commuting,6/10,20.5
0,Lunna-Eyden,Jul,Chrome,48,Commuting,3/10,15.28
1,Hoang-Eyden,09-Jun,Firefox,33,Leisure,6/10,21.24
0,Hoang-Eyden,Feb,Chrome,16,Commuting,5/10,20.46
0,Hoang-Keetra,Jan,NA,39,Leisure,6/10,17.68
1,Nielah-Eyden,08-Oct,Firefox,16,Commuting,5/10,19.57
0,Nielah-Eyden,Sep,Safari,41,Commuting,7/10,18.68
1,Nielah-Eyden,14-Dec,Chrome,29,Commuting,4/10,18.24
1,Nielah-Eyden,27-Dec,Firefox,24,Commuting,5/10,18.54
0,Lunna-Eyden,23-Jun,Firefox,20,Leisure,4/10,15.13
1,Lunna-Eyden,13-Jan,NA,17,Commuting,4/10,15.26
0,Hoang-Keetra,May,Chrome,30,Leisure,6/10,17.22
0,Nielah-Eyden,29-May,Chrome,49,Commuting,3/10,19.03
0,Nielah-Eyden,Mar,Chrome,21,Leisure,6/10,19.3
0,Nielah-Eyden,Feb,Chrome,31,Commuting,3/10,18.44
0,Lunna-Eyden,Aug,NA,39,Commuting,5/10,15.48
0,Lunna-Eyden,Feb,IE,-,Commuting,5/10,15.49
1,Nielah-Eyden,Nov,Chrome,23,Commuting,4/10,19.37
1,Nielah-Eyden,19-Sep,Android,22,Commuting,5/10,18.74
0,Lunna-Eyden,Aug,Chrome,28,Commuting,2/10,15.71
1,Nielah-Eyden,07-Apr,Chrome,23,Leisure,6/10,18.58
0,Lunna-Eyden,28-Dec,Chrome,22,Commuting,2/10,15.38
1,Lunna-Keetra,Jul,Chrome,34,Commuting,6/10,13.13
0,Lunna-Eyden,Feb,Chrome,19,Commuting,5/10,14.82
0,Lunna-Eyden,14-Mar,Firefox,49,Commuting,4/10,15.14
1,Nielah-Eyden,Nov,Chrome,44,Leisure,5/10,19.08
1,Nielah-Eyden,Nov,Chrome,22,Commuting,6/10,18.64
1,Nielah-Eyden,Mar,Chrome,21,Leisure,4/10,18.82
1,Nielah-Eyden,Feb,Chrome,32,Commuting,5/10,18.41
0,Lunna-Keetra,22-Mar,NA,18,Commuting,5/10,12.02
1,Nielah-Keetra,Sep,Chrome,33,Commuting,4/10,15.57
1,Nielah-Eyden,02-May,IE,-,Leisure,5/10,18.45
1,Lunna-Eyden,Nov,Chrome,32,Commuting,5/10,14.88
1,Lunna-Eyden,Dec,Chrome,18,Commuting,5/10,15.13
1,Nielah-Eyden,04-May,Chrome,45,Leisure,7/10,18.8
1,Nielah-Eyden,22-Nov,Chrome,41,Commuting,4/10,19.52
1,Nielah-Eyden,Dec,Chrome,48,Commuting,7/10,18.31
0,Lunna-Eyden,Aug,Safari,50,Commuting,5/10,15.07
1,Hoang-Eyden,17-Mar,Firefox,45,Commuting,3/10,20.6
0,Lunna-Eyden,Apr,IE,41,Commuting,4/10,15.11
1,Lunna-Keetra,Oct,Safari,39,Commuting,4/10,12.84
1,Hoang-Eyden,18-Sep,Chrome,16,Commuting,4/10,20.42
1,Hoang-Keetra,16-Jan,Safari,-,Leisure,6/10,17.81
1,Hoang-Keetra,Apr,Opera,23,Leisure,5/10,17.25
1,Hoang-Keetra,26-Mar,Firefox,34,Leisure,4/10,18.43
0,Lunna-Eyden,27-Apr,Chrome,43,Leisure,3/10,15.07
0,Lunna-Eyden,Oct,Chrome,41,Commuting,6/10,15.79
0,Hoang-Eyden,05-Jun,Firefox,16,Leisure,6/10,20.35
1,Hoang-Eyden,Sep,Firefox,42,Commuting,3/10,20.4
1,Nielah-Eyden,06-Jun,Android,19,Commuting,4/10,18.91
1,Nielah-Eyden,25-Dec,Safari,38,Commuting,8/10,18.61
1,Nielah-Eyden,08-Aug,Firefox,17,Leisure,7/10,18.44
0,Lunna-Keetra,01-Sep,Chrome,25,Commuting,3/10,12.18
1,Lunna-Eyden,Mar,Chrome,32,Commuting,4/10,15.27
1,Nielah-Eyden,28-Jul,Safari,17,Commuting,7/10,18.75
1,Nielah-Eyden,19-Feb,Firefox,36,Commuting,3/10,18.69
1,Nielah-Eyden,Oct,NA,48,Commuting,5/10,18.5
0,Hoang-Keetra,May,Chrome,26,Leisure,4/10,17.73
1,Nielah-Eyden,14-Dec,Chrome,34,Commuting,5/10,18.46
0,Nielah-Keetra,23-May,IE,16,Commuting,2/10,15.52
1,Nielah-Eyden,Jun,Chrome,48,Commuting,6/10,18.34
1,Hoang-Eyden,06-Jan,Chrome,36,Commuting,6/10,20.95
0,Hoang-Keetra,Apr,Chrome,18,Leisure,5/10,17.75
1,Nielah-Eyden,05-Mar,IE,39,Commuting,5/10,18.79
1,Nielah-Eyden,Apr,Chrome,40,Commuting,4/10,18.04
1,Hoang-Keetra,24-Aug,Firefox,21,Commuting,6/10,17.23
-0,Lunna-Eyden,Jul,Safari,27,Commuting,3/10,14.74
1,Nielah-Eyden,May,Firefox,43,Commuting,7/10,19.23
0,Lunna-Keetra,30-Jan,Chrome,16,Commuting,5/10,12.14
1,Nielah-Eyden,17-Jan,IE,35,Commuting,5/10,18.48
0,Lunna-Eyden,26-May,Safari,46,Commuting,4/10,14.73
0,Nielah-Eyden,Aug,Firefox,25,Commuting,3/10,18.85
1,Nielah-Eyden,20-Dec,Firefox,36,Commuting,4/10,19.22
0,Hoang-Keetra,Nov,Chrome,22,Commuting,5/10,18.2
-0,Nielah-Eyden,13-Oct,Chrome,30,Commuting,4/10,18.95
1,Nielah-Eyden,29-Jul,Chrome,16,Commuting,5/10,18.84
1,Nielah-Eyden,11-Jun,Safari,27,Commuting,3/10,19.22
0,Lunna-Eyden,Dec,NA,25,Commuting,4/10,14.84
1,Nielah-Eyden,Aug,Chrome,47,Commuting,6/10,19.61
1,Lunna-Eyden,Jun,IE,46,Commuting,4/10,15.18
1,Nielah-Eyden,17-Aug,Safari,44,Leisure,7/10,19.19
0,Lunna-Eyden,Aug,Safari,23,Commuting,4/10,15.32
0,Lunna-Eyden,Sep,Chrome,27,Commuting,4/10,15.01
0,Nielah-Eyden,May,Chrome,39,Commuting,4/10,18.44
1,Nielah-Eyden,Aug,Chrome,38,Commuting,6/10,19.12
1,Nielah-Eyden,Jan,Chrome,48,Commuting,5/10,18.37
1,Hoang-Keetra,05-Jan,Chrome,48,Leisure,5/10,17.48
0,Nielah-Eyden,08-Dec,Chrome,34,Commuting,3/10,19.36
0,Nielah-Keetra,Mar,IE,23,Commuting,1/10,15.77
0,Nielah-Eyden,06-Dec,Chrome,30,Commuting,4/10,18.62
0,Lunna-Eyden,Dec,Chrome,50,Commuting,4/10,15.73
0,Nielah-Eyden,26-Mar,Safari,24,Commuting,6/10,18.26
1,Nielah-Eyden,Oct,Firefox,26,Commuting,5/10,18.4
-0,Lunna-Eyden,Jul,Chrome,-,Commuting,3/10,14.72
0,Hoang-Keetra,Jul,Safari,42,Leisure,3/10,17.74
0,Lunna-Keetra,May,Firefox,24,Commuting,1/10,12.64
0,Nielah-Eyden,Apr,Android,35,Commuting,1/10,18.28
1,Nielah-Eyden,Mar,Chrome,16,Commuting,3/10,19.95
0,Lunna-Keetra,11-May,IE,30,Commuting,3/10,11.69
-0,Hoang-Keetra,22-Aug,Firefox,20,Commuting,3/10,17.51
0,Nielah-Keetra,Nov,NA,41,Commuting,3/10,15.54
1,Nielah-Eyden,23-Oct,IE,42,Commuting,7/10,18.55
1,Hoang-Eyden,Sep,Firefox,45,Commuting,6/10,21.08
1,Nielah-Keetra,Jun,Chrome,23,Leisure,5/10,15.98
0,Lunna-Eyden,Oct,IE,-,Leisure,6/10,15.04
0,Nielah-Eyden,Feb,Safari,20,Commuting,6/10,18.31
1,Nielah-Eyden,Sep,IE,43,Commuting,7/10,18.57
0,Hoang-Keetra,06-Apr,Chrome,27,Leisure,4/10,17.67
1,Nielah-Eyden,Mar,Chrome,29,Commuting,4/10,18.69
1,Nielah-Eyden,12-Mar,IE,34,Commuting,7/10,18.4
1,Lunna-Eyden,Dec,Chrome,18,Leisure,4/10,16.24
1,Nielah-Eyden,Nov,Chrome,31,Commuting,6/10,18.53
1,Hoang-Eyden,25-Oct,Chrome,43,Commuting,9/10,20.26
1,Nielah-Eyden,28-Feb,Firefox,36,Commuting,7/10,18.79
0,Nielah-Eyden,Oct,Chrome,50,Commuting,4/10,18.26
1,Lunna-Eyden,30-Aug,Chrome,25,Leisure,6/10,14.92
0,Lunna-Keetra,28-Jan,IE,28,Leisure,3/10,11.93
0,Lunna-Keetra,29-Sep,Chrome,36,Leisure,4/10,12.46
1,Nielah-Eyden,Nov,Firefox,46,Commuting,7/10,18.3
1,Nielah-Eyden,06-Sep,IE,31,Commuting,6/10,18.56
1,Lunna-Keetra,Nov,Firefox,33,Commuting,4/10,12.14
0,Lunna-Eyden,Dec,Chrome,16,Commuting,4/10,15.15
1,Nielah-Keetra,Jun,NA,46,Commuting,5/10,16.18
1,Nielah-Eyden,23-Aug,Firefox,-,Commuting,7/10,20.28
1,Nielah-Eyden,Oct,Chrome,22,Commuting,4/10,18.27
1,Nielah-Eyden,Mar,NA,19,Commuting,7/10,18.75
1,Hoang-Keetra,Oct,IE,20,Leisure,8/10,17.16
0,Lunna-Eyden,May,Chrome,18,Leisure,6/10,15.4
1,Lunna-Eyden,06-Nov,Chrome,24,Commuting,6/10,16.11
0,Hoang-Keetra,26-Oct,IE,44,Leisure,8/10,17.57
1,Nielah-Eyden,06-Jan,NA,47,Commuting,6/10,18.63
1,Lunna-Eyden,14-Nov,Android,22,Commuting,6/10,15.55
1,Hoang-Keetra,Nov,IE,21,Commuting,7/10,17.4
1,Lunna-Eyden,Apr,Firefox,46,Commuting,5/10,15.72
1,Nielah-Eyden,Oct,Safari,45,Commuting,6/10,19.09
1,Nielah-Eyden,Dec,Firefox,45,Commuting,5/10,18.9
-0,Lunna-Keetra,19-Sep,IE,36,Leisure,3/10,11.84
0,Lunna-Keetra,05-Nov,Firefox,33,Commuting,5/10,12.22
1,Lunna-Eyden,01-May,Chrome,43,Leisure,5/10,15.1
1,Nielah-Keetra,09-Mar,Chrome,47,Commuting,6/10,15.57
1,Hoang-Eyden,Jun,Chrome,44,Commuting,5/10,21.81
1,Nielah-Eyden,13-Sep,Chrome,42,Commuting,5/10,18.4
0,Hoang-Keetra,Sep,NA,-,Commuting,4/10,17.09
1,Lunna-Keetra,Jun,Chrome,44,Commuting,5/10,12.12
1,Hoang-Keetra,26-Feb,Opera,-,Leisure,7/10,17.25
0,Lunna-Keetra,Feb,Chrome,23,Commuting,4/10,12.74
1,Nielah-Eyden,16-Jun,NA,31,Leisure,6/10,18.62
-0,Nielah-Keetra,10-Apr,Chrome,48,Commuting,6/10,15.5
1,Hoang-Eyden,Jul,Firefox,39,Leisure,3/10,20.45
-0,Nielah-Eyden,Jun,NA,18,Commuting,2/10,18.2
1,Nielah-Eyden,Jan,IE,34,Commuting,5/10,18.33
0,Nielah-Eyden,Jul,NA,39,Leisure,3/10,18.77
1,Nielah-Eyden,Nov,Chrome,28,Commuting,5/10,18.94
0,Lunna-Eyden,Sep,Chrome,41,Commuting,4/10,14.96
0,Hoang-Keetra,Feb,IE,32,Leisure,4/10,17.03
1,Nielah-Eyden,Feb,IE,41,Commuting,6/10,19.49
0,Lunna-Eyden,13-Jul,Chrome,30,Commuting,5/10,15.27
0,Nielah-Keetra,Jan,Safari,38,Commuting,5/10,16.04
1,Nielah-Eyden,Aug,IE,18,Commuting,4/10,18.49
1,Lunna-Eyden,08-May,Chrome,44,Commuting,3/10,15.78
1,Nielah-Eyden,09-Dec,NA,45,Commuting,6/10,18.7
1,Nielah-Eyden,May,Firefox,23,Commuting,5/10,19.12
1,Nielah-Eyden,Aug,Chrome,32,Commuting,6/10,19.34
0,Lunna-Keetra,Dec,Chrome,32,Commuting,3/10,12.87
0,Lunna-Keetra,13-Sep,Safari,36,Leisure,2/10,11.94
1,Nielah-Keetra,Apr,Chrome,33,Commuting,6/10,15.85
1,Lunna-Eyden,Oct,Chrome,22,Commuting,7/10,15.03
1,Nielah-Eyden,May,Chrome,44,Commuting,3/10,19.26
1,Nielah-Eyden,Jan,Safari,34,Commuting,3/10,18.75
1,Nielah-Eyden,Jan,Chrome,33,Commuting,6/10,18.27
0,Lunna-Eyden,Feb,Safari,28,Leisure,5/10,15.22
0,Nielah-Eyden,Jul,IE,16,Commuting,4/10,18.95
1,Hoang-Eyden,Aug,Chrome,16,Commuting,7/10,22.06
1,Hoang-Keetra,May,Chrome,30,Commuting,6/10,17.66
-0,Lunna-Keetra,28-Mar,Firefox,48,Commuting,3/10,12.7
1,Hoang-Eyden,28-May,Chrome,41,Leisure,5/10,21.35
0,Hoang-Keetra,26-Oct,NA,-,Commuting,4/10,17.5
1,Nielah-Keetra,14-Dec,IE,18,Commuting,6/10,15.3
1,Hoang-Keetra,19-Jun,Chrome,18,Commuting,7/10,17.65
1,Nielah-Eyden,Jul,Chrome,44,Commuting,5/10,19.85
-0,Lunna-Eyden,Aug,Chrome,49,Commuting,4/10,15.27
1,Hoang-Eyden,Feb,IE,23,Leisure,6/10,20.06
0,Lunna-Keetra,Oct,IE,35,Leisure,4/10,12.21
1,Nielah-Eyden,25-May,Chrome,38,Commuting,5/10,18.55
-0,Lunna-Eyden,13-May,Firefox,27,Commuting,8/10,14.76
1,Nielah-Eyden,Mar,Chrome,-,Leisure,6/10,18.92
0,Lunna-Eyden,Nov,IE,50,Leisure,6/10,15.95
0,Nielah-Eyden,Apr,Chrome,28,Commuting,4/10,18.57
1,Lunna-Keetra,Mar,IE,-,Commuting,5/10,12.33
0,Nielah-Eyden,17-Jan,Chrome,29,Commuting,6/10,19
-0,Lunna-Eyden,08-Aug,Firefox,28,Commuting,4/10,15.25
1,Nielah-Eyden,28-Aug,Firefox,17,Commuting,3/10,19.17
1,Nielah-Eyden,30-Jul,Chrome,40,Commuting,4/10,18.92
1,Nielah-Eyden,May,NA,18,Commuting,7/10,18.53
1,Lunna-Keetra,Feb,Chrome,23,Leisure,5/10,12.26
1,Nielah-Eyden,02-May,IE,26,Commuting,5/10,18.88
-0,Hoang-Keetra,Jul,IE,31,Leisure,5/10,17.1
0,Lunna-Keetra,08-Nov,NA,28,Commuting,7/10,11.95
1,Hoang-Keetra,12-Jul,IE,18,Leisure,6/10,17.66
1,Lunna-Eyden,14-Feb,Chrome,37,Commuting,5/10,15.04
1,Nielah-Keetra,10-Nov,Safari,32,Commuting,4/10,15.67
0,Nielah-Eyden,Sep,Safari,18,Commuting,4/10,18.53
-0,Nielah-Eyden,Jul,Chrome,24,Commuting,2/10,18.3
0,Nielah-Keetra,24-Dec,Chrome,24,Leisure,4/10,16
1,Nielah-Eyden,11-Dec,Safari,21,Commuting,4/10,18.48
-0,Nielah-Eyden,Dec,NA,46,Commuting,7/10,18.94
1,Nielah-Eyden,24-Nov,IE,45,Commuting,3/10,18.87
-0,Nielah-Eyden,May,Chrome,26,Commuting,6/10,18.5
1,Nielah-Eyden,15-Aug,Chrome,17,Commuting,7/10,18.83
1,Nielah-Keetra,Sep,Firefox,24,Commuting,6/10,15.86
1,Nielah-Eyden,18-May,IE,44,Commuting,5/10,19.1
1,Nielah-Keetra,15-Jun,Chrome,19,Commuting,3/10,16.2
1,Nielah-Eyden,13-Jul,Chrome,44,Commuting,5/10,18.71
0,Lunna-Eyden,Jul,IE,28,Leisure,5/10,15.49
1,Nielah-Eyden,10-Feb,Firefox,38,Commuting,3/10,18.75
1,Nielah-Eyden,17-Jun,Chrome,35,Commuting,5/10,19.37
0,Lunna-Keetra,Apr,Chrome,-,Commuting,4/10,12.1
0,Nielah-Eyden,Mar,Firefox,21,Commuting,6/10,18.32
1,Lunna-Eyden,02-Aug,Opera,36,Leisure,5/10,15.3
-0,Lunna-Eyden,Jun,NA,41,Commuting,4/10,15.47
1,Nielah-Eyden,May,Firefox,44,Leisure,6/10,18.49
1,Hoang-Eyden,Oct,Chrome,24,Commuting,4/10,20.71
1,Lunna-Eyden,Jul,IE,16,Commuting,8/10,15.89
1,Lunna-Eyden,Jul,Safari,-,Leisure,6/10,16.01
0,Lunna-Eyden,Jun,Chrome,-,Commuting,6/10,15.74
0,Nielah-Eyden,20-Sep,IE,50,Commuting,4/10,19.37
-0,Nielah-Eyden,14-Apr,NA,17,Commuting,3/10,18.66
1,Nielah-Eyden,Mar,NA,24,Commuting,4/10,18.64
1,Lunna-Eyden,13-Jan,Firefox,32,Commuting,5/10,15.12
1,Hoang-Eyden,07-Jan,Chrome,-,Commuting,6/10,21.1
0,Lunna-Eyden,23-Sep,Firefox,28,Commuting,4/10,15.31
1,Lunna-Eyden,Jun,Firefox,47,Commuting,5/10,15.32
1,Nielah-Eyden,Jun,IE,-,Commuting,5/10,19.03
1,Nielah-Eyden,09-Dec,Chrome,27,Leisure,5/10,18.55
1,Hoang-Keetra,Mar,IE,48,Leisure,5/10,18
1,Nielah-Eyden,24-Jun,Chrome,19,Commuting,5/10,20.77
1,Nielah-Keetra,05-Jan,IE,21,Commuting,5/10,15.15
1,Nielah-Eyden,Dec,Firefox,49,Commuting,8/10,18.63
0,Lunna-Eyden,Mar,Android,18,Commuting,5/10,15.93
1,Nielah-Eyden,Mar,Chrome,25,Commuting,7/10,18.84
0,Nielah-Eyden,05-Jun,Firefox,24,Leisure,7/10,19.22
1,Nielah-Keetra,18-Aug,Chrome,-,Commuting,5/10,15.33
1,Lunna-Eyden,May,Firefox,29,Commuting,6/10,14.98
1,Lunna-Eyden,Sep,Chrome,37,Commuting,5/10,15.45
1,Lunna-Eyden,17-Mar,Chrome,29,Commuting,5/10,15.04
0,Lunna-Keetra,Mar,Chrome,44,Commuting,4/10,12.29
1,Hoang-Eyden,Aug,IE,16,Leisure,7/10,20.98
1,Nielah-Eyden,Jan,Chrome,48,Commuting,2/10,20.89
0,Lunna-Eyden,13-May,Firefox,29,Commuting,4/10,16.02
1,Nielah-Eyden,04-Apr,Firefox,46,Commuting,5/10,19.36
1,Nielah-Keetra,11-Jul,IE,43,Commuting,7/10,15.14
1,Hoang-Keetra,Mar,NA,29,Commuting,6/10,17.36
1,Nielah-Eyden,Jun,Chrome,41,Commuting,5/10,18.41
1,Nielah-Eyden,29-Sep,Chrome,45,Commuting,3/10,19.61
1,Lunna-Eyden,10-Jul,Chrome,40,Commuting,3/10,14.83
1,Lunna-Eyden,18-May,Safari,39,Commuting,5/10,15.23
1,Hoang-Keetra,Sep,NA,19,Leisure,4/10,17.58
1,Lunna-Eyden,Nov,Chrome,-,Commuting,7/10,14.98
1,Nielah-Eyden,29-Jan,Chrome,17,Leisure,7/10,20.5
0,Lunna-Eyden,Nov,Chrome,-,Commuting,1/10,15.21
1,Nielah-Eyden,03-Oct,Firefox,30,Commuting,5/10,18.72
0,Hoang-Keetra,May,NA,19,Commuting,2/10,17.26
0,Lunna-Eyden,Oct,NA,50,Leisure,2/10,15.52
1,Nielah-Eyden,Apr,Firefox,43,Commuting,4/10,18.7
1,Hoang-Eyden,Jun,IE,35,Leisure,5/10,20.01
-0,Lunna-Eyden,12-Jun,NA,50,Commuting,3/10,15.12
-0,Lunna-Keetra,21-Feb,IE,28,Commuting,6/10,12.33
1,Lunna-Eyden,Jun,Chrome,-,Commuting,7/10,14.77
1,Lunna-Eyden,22-Jun,Chrome,34,Commuting,9/10,15.16
0,Lunna-Keetra,05-May,Chrome,37,Leisure,5/10,12.26
1,Hoang-Keetra,Oct,IE,30,Leisure,7/10,17.44
0,Lunna-Keetra,May,Safari,21,Leisure,6/10,12.07
1,Nielah-Eyden,17-Dec,Chrome,45,Commuting,6/10,18.68
1,Hoang-Keetra,17-Jun,Firefox,-,Commuting,8/10,17.71
1,Hoang-Eyden,01-Mar,NA,29,Commuting,5/10,20.07
0,Nielah-Eyden,May,Safari,40,Commuting,4/10,18.7
1,Hoang-Keetra,Aug,Chrome,43,Leisure,3/10,17.15
0,Lunna-Eyden,Jul,NA,-,Commuting,2/10,15
-0,Lunna-Eyden,29-Jan,NA,45,Commuting,3/10,15.12
1,Nielah-Eyden,17-Mar,IE,39,Leisure,6/10,19.05
1,Hoang-Keetra,15-Jan,Chrome,28,Leisure,6/10,17.58
0,Lunna-Keetra,23-Jun,Safari,31,Leisure,4/10,12.65
0,Lunna-Keetra,08-Mar,Chrome,38,Commuting,3/10,12.87
1,Hoang-Eyden,15-Sep,Safari,47,Leisure,4/10,20.3
1,Lunna-Eyden,Aug,Safari,23,Commuting,6/10,15.1
0,Hoang-Keetra,Aug,IE,46,Leisure,6/10,18.62
1,Nielah-Eyden,02-Feb,Safari,18,Commuting,6/10,19.78
1,Lunna-Eyden,14-May,Firefox,50,Leisure,6/10,15.32
0,Lunna-Eyden,Sep,Safari,40,Leisure,6/10,15.06
1,Hoang-Eyden,Sep,IE,49,Commuting,7/10,20.79
1,Nielah-Eyden,Sep,Firefox,42,Commuting,4/10,18.19
1,Nielah-Eyden,Sep,NA,48,Commuting,6/10,18.98
1,Hoang-Eyden,17-Nov,Chrome,50,Leisure,7/10,20.43
-0,Nielah-Eyden,15-Jan,Chrome,43,Commuting,5/10,18.63
0,Nielah-Eyden,28-Apr,Chrome,22,Commuting,3/10,18.35
1,Nielah-Eyden,Sep,Firefox,49,Commuting,7/10,19.64
1,Nielah-Eyden,10-Dec,IE,25,Commuting,7/10,18.6
1,Nielah-Eyden,Apr,Chrome,18,Commuting,6/10,18.43
0,Lunna-Keetra,Sep,Chrome,44,Leisure,3/10,12.39
1,Lunna-Eyden,Oct,Chrome,41,Commuting,5/10,15.83
0,Lunna-Eyden,Aug,Chrome,18,Leisure,5/10,15.76
0,Nielah-Eyden,19-Mar,Safari,41,Commuting,4/10,18.36
0,Lunna-Eyden,Feb,Chrome,21,Leisure,3/10,15.77
1,Nielah-Eyden,06-Mar,Chrome,29,Commuting,7/10,18.61
1,Hoang-Keetra,05-Mar,Chrome,25,Commuting,4/10,17.17
1,Hoang-Eyden,11-Mar,Firefox,33,Commuting,5/10,20.42
1,Nielah-Eyden,23-Sep,Chrome,44,Commuting,7/10,18.11
1,Nielah-Eyden,May,Firefox,40,Commuting,6/10,18.58
0,Nielah-Eyden,May,Chrome,36,Commuting,5/10,18.75
1,Nielah-Eyden,18-Feb,Chrome,37,Commuting,5/10,20.01
1,Nielah-Eyden,Oct,Firefox,36,Commuting,4/10,18.74
0,Nielah-Eyden,Feb,Firefox,42,Leisure,4/10,18.5
0,Lunna-Keetra,02-Aug,Chrome,25,Leisure,4/10,12.42
1,Nielah-Eyden,Nov,Chrome,30,Commuting,8/10,18.22
0,Lunna-Eyden,17-May,Opera,29,Commuting,3/10,15.79
1,Nielah-Eyden,11-Mar,Firefox,20,Commuting,8/10,18.6
1,Nielah-Eyden,Feb,Opera,18,Commuting,4/10,18.63
1,Nielah-Eyden,Dec,Firefox,23,Commuting,5/10,18.81
1,Nielah-Eyden,May,Chrome,24,Commuting,6/10,18.19
1,Nielah-Eyden,May,Opera,41,Commuting,6/10,18.51
1,Lunna-Keetra,Apr,Chrome,47,Leisure,4/10,12.39
0,Nielah-Eyden,Oct,NA,36,Commuting,5/10,18.34
-0,Lunna-Eyden,May,Chrome,-,Commuting,2/10,14.86
0,Nielah-Eyden,Jun,Chrome,33,Commuting,6/10,18.1
1,Nielah-Eyden,Nov,IE,33,Commuting,6/10,18.83
1,Nielah-Eyden,21-Aug,Chrome,22,Commuting,4/10,18.68
1,Nielah-Eyden,16-Jan,Chrome,21,Commuting,4/10,18.82
1,Nielah-Eyden,18-Apr,Chrome,28,Commuting,8/10,18.72
1,Nielah-Eyden,Mar,Chrome,21,Commuting,6/10,18.46
0,Nielah-Eyden,17-Jun,Chrome,19,Leisure,4/10,18.83
1,Nielah-Eyden,12-Oct,Chrome,25,Commuting,3/10,18.65
0,Nielah-Eyden,03-Jan,IE,35,Commuting,4/10,18.31
1,Nielah-Eyden,Sep,IE,37,Commuting,4/10,19.37
1,Hoang-Eyden,Apr,Chrome,40,Commuting,8/10,20.05
1,Nielah-Keetra,17-Jan,Chrome,18,Commuting,5/10,16.28
1,Hoang-Keetra,Jun,IE,38,Leisure,5/10,17.7
1,Nielah-Eyden,Jun,Chrome,23,Commuting,6/10,18.5
1,Nielah-Eyden,22-Sep,IE,26,Leisure,6/10,18.86
0,Nielah-Eyden,Jun,Chrome,43,Leisure,4/10,18.94
1,Lunna-Eyden,25-May,Chrome,48,Commuting,6/10,15.22
1,Nielah-Eyden,04-Jul,Android,44,Leisure,6/10,19.85
1,Nielah-Eyden,Oct,Chrome,38,Commuting,6/10,19.13
1,Lunna-Keetra,May,Chrome,25,Leisure,2/10,11.95
-0,Lunna-Keetra,28-Oct,Chrome,43,Leisure,2/10,12.4
1,Lunna-Eyden,Apr,Android,28,Commuting,5/10,16.11
0,Nielah-Keetra,21-Mar,Safari,26,Commuting,4/10,16.06
1,Nielah-Eyden,16-Jun,NA,26,Commuting,5/10,18.88
0,Lunna-Eyden,Feb,Firefox,-,Leisure,5/10,15.35
1,Nielah-Eyden,Feb,Chrome,23,Commuting,5/10,18.84
1,Hoang-Eyden,Jun,Chrome,17,Commuting,6/10,20.72
0,Nielah-Eyden,09-Oct,Chrome,30,Commuting,2/10,18.35
1,Nielah-Eyden,Jan,Chrome,38,Commuting,6/10,19.23
0,Hoang-Keetra,30-Aug,Chrome,17,Leisure,5/10,17.08
0,Lunna-Eyden,May,Chrome,41,Commuting,5/10,15.23
1,Hoang-Eyden,30-Mar,Chrome,37,Commuting,5/10,20.3
0,Lunna-Eyden,Jul,NA,37,Commuting,2/10,16.14
0,Lunna-Eyden,Nov,NA,25,Commuting,3/10,16.29
1,Nielah-Eyden,Feb,Firefox,40,Leisure,4/10,19.59
0,Nielah-Eyden,Mar,IE,40,Commuting,4/10,18.69
-0,Lunna-Eyden,Dec,IE,19,Commuting,6/10,16.1
1,Hoang-Eyden,28-Oct,Chrome,45,Commuting,6/10,20.08
0,Nielah-Eyden,Feb,Chrome,50,Commuting,5/10,18.39
0,Lunna-Keetra,Feb,Chrome,22,Leisure,6/10,12.65
0,Hoang-Keetra,Jan,Chrome,42,Leisure,5/10,17.84
0,Lunna-Eyden,02-Jun,Firefox,21,Leisure,3/10,15.85
1,Nielah-Eyden,10-Jun,NA,23,Commuting,5/10,18.94
1,Nielah-Eyden,Feb,Opera,40,Leisure,7/10,18.25
1,Hoang-Eyden,Jan,Chrome,30,Leisure,7/10,20.21
0,Lunna-Eyden,03-Apr,Chrome,18,Commuting,5/10,15.08
-0,Lunna-Keetra,06-Nov,Chrome,45,Commuting,3/10,12.93
1,Nielah-Eyden,15-Jan,IE,45,Commuting,5/10,19.11
1,Hoang-Keetra,25-May,IE,17,Commuting,5/10,17.46
1,Nielah-Eyden,27-Feb,Chrome,24,Commuting,7/10,18.64
1,Lunna-Eyden,09-Aug,Chrome,20,Commuting,4/10,15.29
1,Nielah-Eyden,Sep,IE,19,Commuting,6/10,19.68
1,Nielah-Eyden,Apr,Chrome,35,Commuting,5/10,19.23
0,Lunna-Eyden,Sep,Firefox,19,Commuting,5/10,16.37
-0,Lunna-Eyden,Mar,IE,18,Commuting,4/10,15.17
1,Nielah-Eyden,Jul,NA,40,Commuting,5/10,18.6
0,Nielah-Eyden,04-Jun,NA,49,Leisure,4/10,18.6
1,Nielah-Eyden,24-Jan,Safari,40,Commuting,5/10,18.51
0,Lunna-Keetra,13-Jan,Chrome,47,Commuting,2/10,12.06
1,Lunna-Eyden,Apr,IE,47,Commuting,6/10,15.64
1,Hoang-Eyden,Dec,Firefox,18,Leisure,4/10,22.59
-0,Lunna-Eyden,14-Jan,IE,21,Commuting,4/10,15.02
1,Nielah-Eyden,03-Sep,Firefox,47,Commuting,3/10,18.39
1,Nielah-Keetra,30-Jun,Chrome,46,Commuting,8/10,16.02
1,Nielah-Eyden,12-Oct,Chrome,21,Commuting,6/10,18.46
1,Hoang-Keetra,22-Oct,Firefox,26,Leisure,8/10,17.38
0,Lunna-Eyden,21-Sep,Safari,36,Commuting,1/10,15.01
0,Nielah-Eyden,Apr,IE,45,Commuting,5/10,18.35
1,Nielah-Eyden,18-Dec,Chrome,-,Commuting,8/10,19.18
1,Hoang-Eyden,Jun,Chrome,25,Leisure,4/10,20.93
1,Nielah-Eyden,Dec,Firefox,41,Commuting,7/10,18.58
1,Hoang-Eyden,Feb,NA,50,Leisure,5/10,20.3
1,Hoang-Keetra,09-Feb,Chrome,47,Commuting,5/10,18.18
1,Nielah-Eyden,Mar,Firefox,27,Commuting,4/10,18.46
1,Hoang-Keetra,Jul,Chrome,40,Leisure,6/10,17.41
0,Lunna-Eyden,May,Chrome,19,Commuting,1/10,16.61
0,Lunna-Eyden,Mar,Firefox,48,Leisure,2/10,14.91
1,Nielah-Eyden,Feb,Safari,16,Commuting,5/10,19.19
1,Hoang-Eyden,Oct,IE,-,Commuting,5/10,21.17
1,Lunna-Eyden,04-May,IE,-,Commuting,3/10,15.13
1,Nielah-Eyden,22-Dec,NA,44,Leisure,7/10,18.83
0,Nielah-Eyden,Dec,Chrome,30,Commuting,5/10,18.68
1,Nielah-Eyden,Jul,Chrome,20,Commuting,5/10,18.5
1,Lunna-Eyden,07-Sep,NA,41,Commuting,8/10,15.29
1,Nielah-Eyden,Jul,Chrome,16,Commuting,6/10,18.52
1,Hoang-Eyden,10-Feb,IE,25,Commuting,5/10,20.08
1,Nielah-Keetra,02-May,Firefox,35,Commuting,7/10,15.54
1,Hoang-Eyden,30-Jan,Firefox,34,Leisure,6/10,20.47
1,Hoang-Eyden,17-Jan,Firefox,26,Leisure,6/10,20.64
1,Hoang-Eyden,11-Dec,NA,27,Leisure,5/10,20.51
0,Lunna-Keetra,02-Mar,NA,27,Commuting,3/10,12.86
1,Nielah-Keetra,Nov,NA,40,Leisure,9/10,15.45
1,Nielah-Eyden,Apr,NA,26,Commuting,6/10,19.3
1,Lunna-Eyden,31-Jan,NA,28,Commuting,5/10,15.75
-0,Lunna-Keetra,Aug,Chrome,43,Commuting,5/10,12.15
1,Hoang-Eyden,11-Jun,Chrome,40,Commuting,7/10,20.32
1,Lunna-Eyden,02-Dec,Chrome,37,Commuting,5/10,15.07
1,Nielah-Eyden,May,Firefox,46,Commuting,7/10,19.6
1,Nielah-Eyden,Sep,Chrome,45,Commuting,5/10,19.06
1,Nielah-Eyden,24-Feb,Chrome,35,Commuting,5/10,18.51
1,Lunna-Eyden,09-Jun,NA,48,Commuting,8/10,15.48
0,Hoang-Keetra,Dec,IE,39,Leisure,7/10,18.42
0,Nielah-Eyden,Oct,Chrome,50,Leisure,5/10,18.57
1,Nielah-Eyden,Aug,Chrome,36,Commuting,6/10,18.99
0,Nielah-Eyden,Jan,IE,16,Leisure,5/10,18.39
1,Hoang-Eyden,06-Mar,Android,48,Commuting,6/10,21.64
1,Hoang-Eyden,Nov,Safari,47,Leisure,6/10,20.59
0,Lunna-Eyden,Nov,Chrome,30,Commuting,4/10,15.05
0,Nielah-Eyden,Apr,Firefox,39,Commuting,2/10,18.81
0,Hoang-Keetra,24-Nov,Chrome,-,Commuting,7/10,17.73
1,Nielah-Eyden,01-Sep,Firefox,-,Commuting,5/10,18.42
1,Nielah-Eyden,28-Dec,Safari,34,Commuting,6/10,18.43
1,Lunna-Keetra,19-Mar,Chrome,40,Commuting,5/10,12.14
0,Lunna-Eyden,24-Apr,Chrome,41,Commuting,5/10,14.92
1,Nielah-Eyden,25-Sep,Chrome,38,Commuting,5/10,18.5
1,Hoang-Keetra,13-Jun,Chrome,19,Commuting,6/10,17.51
1,Nielah-Eyden,17-Mar,Firefox,45,Commuting,6/10,19.4
-0,Lunna-Keetra,10-Sep,Chrome,31,Leisure,3/10,12.26
1,Nielah-Eyden,13-Oct,Chrome,23,Commuting,6/10,20.08
1,Nielah-Eyden,10-Apr,Firefox,31,Commuting,6/10,18.41
1,Nielah-Eyden,Jan,IE,46,Commuting,4/10,18.7
1,Nielah-Eyden,Jun,IE,29,Commuting,3/10,19.05
1,Lunna-Eyden,Nov,Chrome,24,Commuting,5/10,15.37
1,Nielah-Eyden,Mar,NA,26,Commuting,7/10,18.93
1,Nielah-Eyden,14-Jun,Chrome,45,Commuting,4/10,18.08
0,Hoang-Keetra,Oct,Chrome,44,Leisure,3/10,17.63
1,Nielah-Eyden,01-Sep,Firefox,40,Commuting,4/10,18.35
1,Nielah-Eyden,16-Dec,Chrome,22,Commuting,5/10,18.46
1,Nielah-Eyden,22-Nov,IE,31,Commuting,7/10,19.48
1,Nielah-Eyden,Sep,Firefox,38,Commuting,5/10,19.02
0,Hoang-Eyden,25-Mar,Chrome,17,Leisure,4/10,20.55
1,Nielah-Eyden,07-Jun,NA,33,Commuting,5/10,18.66
1,Nielah-Eyden,02-Nov,Chrome,18,Commuting,6/10,18.48
-0,Lunna-Keetra,21-Dec,Chrome,49,Leisure,5/10,12.1
1,Nielah-Eyden,Jan,Chrome,44,Commuting,3/10,19.29
1,Nielah-Eyden,12-Apr,Chrome,19,Commuting,5/10,19.46
1,Nielah-Eyden,29-May,IE,44,Commuting,5/10,18.18
0,Nielah-Eyden,Jul,IE,27,Leisure,5/10,18.9
0,Lunna-Eyden,04-Sep,Chrome,20,Commuting,7/10,15.24
1,Nielah-Eyden,24-Sep,IE,37,Commuting,5/10,18.31
0,Lunna-Keetra,Oct,Firefox,47,Commuting,3/10,12.32
1,Lunna-Eyden,Nov,Chrome,47,Commuting,5/10,15.84
1,Nielah-Keetra,10-Dec,Chrome,18,Commuting,5/10,15.6
1,Nielah-Eyden,Sep,Chrome,21,Commuting,7/10,19.25
1,Nielah-Eyden,Aug,Chrome,16,Commuting,5/10,18.45
1,Nielah-Eyden,Sep,NA,50,Commuting,5/10,19.14
0,Lunna-Eyden,09-Feb,Firefox,37,Leisure,5/10,15.5
1,Nielah-Eyden,25-Oct,IE,42,Commuting,4/10,18.25
-0,Lunna-Keetra,23-Dec,Chrome,16,Leisure,3/10,12.34
1,Nielah-Eyden,Apr,Chrome,29,Commuting,7/10,18.77
1,Lunna-Eyden,01-Aug,NA,42,Commuting,5/10,15.34
0,Hoang-Keetra,25-May,Chrome,21,Commuting,4/10,17.51
0,Lunna-Eyden,17-Dec,Firefox,39,Commuting,7/10,15.68
1,Nielah-Eyden,03-Sep,Chrome,48,Commuting,3/10,19.67
1,Nielah-Eyden,17-May,Chrome,44,Commuting,5/10,18.94
1,Hoang-Keetra,Aug,Firefox,-,Commuting,8/10,17.48
1,Hoang-Keetra,15-Oct,Safari,30,Leisure,7/10,17.42
1,Hoang-Eyden,03-Jan,Chrome,32,Commuting,4/10,20.48
-0,Lunna-Eyden,May,Chrome,-,Commuting,4/10,15
1,Lunna-Eyden,May,Firefox,45,Leisure,6/10,15.74
1,Nielah-Eyden,Jul,Firefox,44,Commuting,6/10,18.82
-0,Lunna-Keetra,Jun,Safari,31,Commuting,4/10,12.89
1,Nielah-Eyden,18-Feb,IE,20,Commuting,6/10,18.39
0,Nielah-Keetra,Jan,Chrome,23,Leisure,3/10,15.79
1,Nielah-Keetra,Sep,Chrome,28,Leisure,7/10,16.5
1,Nielah-Eyden,01-Aug,IE,30,Commuting,3/10,19.07
1,Nielah-Eyden,Feb,Chrome,34,Commuting,7/10,19.23
0,Nielah-Eyden,Dec,Chrome,34,Commuting,6/10,18.34
1,Nielah-Eyden,Dec,NA,25,Commuting,6/10,20.07
0,Nielah-Eyden,16-Apr,Chrome,27,Commuting,2/10,18.97
1,Lunna-Eyden,May,Chrome,18,Leisure,6/10,15.6
0,Nielah-Eyden,Jun,Chrome,23,Commuting,4/10,18.3
0,Nielah-Eyden,Jul,Chrome,35,Commuting,6/10,18.03
1,Nielah-Eyden,Dec,Chrome,-,Commuting,6/10,18.15
1,Nielah-Eyden,12-Mar,Safari,34,Leisure,4/10,19.22
1,Nielah-Eyden,Feb,Chrome,29,Commuting,7/10,19.26
1,Lunna-Keetra,Dec,Opera,19,Leisure,5/10,12.31
0,Lunna-Keetra,Jun,Chrome,26,Leisure,6/10,12
1,Nielah-Eyden,23-Apr,IE,-,Commuting,6/10,18.64
1,Nielah-Eyden,Jul,Chrome,43,Commuting,5/10,18.72
-0,Lunna-Keetra,09-Dec,Chrome,49,Commuting,7/10,12.47
1,Lunna-Eyden,Apr,Chrome,48,Commuting,5/10,16.7
1,Lunna-Eyden,Oct,Firefox,40,Leisure,6/10,15.17
1,Hoang-Eyden,Oct,Chrome,35,Leisure,4/10,20.49
1,Nielah-Eyden,May,IE,40,Commuting,7/10,19.13
1,Hoang-Eyden,Oct,Chrome,48,Leisure,6/10,20.14
1,Nielah-Eyden,18-Feb,Firefox,-,Commuting,6/10,18.36
-0,Lunna-Keetra,24-Jun,Safari,45,Commuting,5/10,12.28
1,Hoang-Keetra,Sep,IE,26,Commuting,4/10,17.4
1,Nielah-Eyden,Mar,Firefox,29,Commuting,4/10,19.04
1,Nielah-Eyden,26-Aug,Chrome,17,Commuting,5/10,18.3
0,Lunna-Keetra,Apr,Chrome,42,Leisure,3/10,12.22
1,Lunna-Eyden,Jan,Safari,37,Commuting,5/10,15.21
0,Nielah-Eyden,Jun,IE,18,Commuting,4/10,18.56
-0,Lunna-Keetra,01-Jul,Chrome,30,Leisure,5/10,11.92
1,Nielah-Eyden,16-Mar,Chrome,-,Commuting,6/10,18.33
0,Lunna-Keetra,Aug,Chrome,45,Commuting,4/10,11.85
0,Lunna-Eyden,Jul,IE,37,Commuting,4/10,15.25
0,Nielah-Eyden,Feb,Chrome,-,Commuting,7/10,18.52
0,Nielah-Keetra,18-Mar,Chrome,19,Commuting,5/10,15.79
1,Nielah-Eyden,11-Apr,Firefox,32,Commuting,4/10,18.37
0,Nielah-Eyden,05-Aug,IE,46,Commuting,2/10,18.6
1,Lunna-Eyden,27-Sep,Chrome,-,Leisure,4/10,15.1
-0,Lunna-Eyden,May,Chrome,19,Leisure,4/10,14.85
1,Hoang-Eyden,18-Jan,Chrome,-,Leisure,3/10,20.31
1,Nielah-Eyden,Aug,Chrome,48,Commuting,5/10,22.01
1,Nielah-Eyden,22-Jul,Chrome,-,Leisure,6/10,18.65
1,Nielah-Eyden,Jan,NA,43,Commuting,7/10,18.72
1,Hoang-Eyden,23-Aug,Chrome,31,Commuting,3/10,20.34
1,Hoang-Keetra,Nov,IE,32,Commuting,5/10,17.11
1,Nielah-Eyden,22-Jan,Chrome,43,Commuting,5/10,18.92
0,Lunna-Eyden,Sep,NA,29,Leisure,2/10,15.32
1,Lunna-Eyden,Jan,Chrome,30,Commuting,5/10,14.89
-0,Lunna-Keetra,25-Oct,NA,39,Leisure,6/10,12.38
-0,Lunna-Keetra,Apr,Chrome,50,Commuting,3/10,12.38
-0,Lunna-Keetra,29-Aug,IE,24,Commuting,1/10,12.42
1,Nielah-Eyden,Feb,IE,17,Commuting,3/10,18.74
1,Nielah-Eyden,13-Nov,Chrome,32,Commuting,7/10,18.67
-0,Lunna-Eyden,27-Feb,Safari,36,Commuting,3/10,14.76
1,Nielah-Eyden,03-Aug,Chrome,32,Leisure,3/10,18.58
-0,Lunna-Keetra,Aug,Chrome,32,Leisure,4/10,12.17
1,Lunna-Eyden,29-Jun,Chrome,31,Commuting,6/10,15.24
0,Lunna-Eyden,Feb,Android,40,Commuting,5/10,14.73
1,Nielah-Eyden,Oct,IE,40,Commuting,4/10,18.88
0,Lunna-Eyden,Jan,Firefox,44,Commuting,4/10,14.97
1,Hoang-Eyden,13-Jan,Opera,23,Commuting,5/10,20.86
1,Nielah-Eyden,21-Dec,Chrome,21,Commuting,2/10,18.64
-0,Lunna-Keetra,11-Mar,Chrome,17,Commuting,7/10,12.07
1,Nielah-Eyden,Dec,Chrome,19,Commuting,3/10,19.72
0,Lunna-Keetra,Nov,Firefox,30,Leisure,4/10,12.52
1,Hoang-Eyden,Jan,Chrome,23,Leisure,3/10,20.56
1,Nielah-Eyden,12-May,IE,-,Commuting,7/10,18.75
-0,Nielah-Eyden,09-Feb,Safari,19,Commuting,5/10,18.39
1,Lunna-Eyden,May,Firefox,43,Leisure,6/10,15.19
1,Nielah-Eyden,05-Apr,Chrome,48,Leisure,7/10,18.33
1,Nielah-Eyden,Mar,Chrome,20,Commuting,6/10,18.45
0,Nielah-Eyden,Oct,NA,37,Commuting,5/10,18.65
0,Lunna-Keetra,28-Dec,Chrome,37,Commuting,4/10,12.18
0,Lunna-Eyden,Apr,Chrome,17,Leisure,2/10,14.83
0,Lunna-Keetra,31-Jul,Chrome,29,Leisure,3/10,13.1
-0,Lunna-Keetra,10-Apr,IE,37,Leisure,4/10,12.15
0,Nielah-Eyden,07-Feb,NA,34,Commuting,5/10,18.52
0,Nielah-Eyden,Aug,NA,39,Commuting,6/10,18.77
1,Lunna-Eyden,28-Sep,IE,25,Leisure,4/10,15.28
1,Nielah-Eyden,22-Oct,Chrome,32,Commuting,8/10,18.96
1,Nielah-Eyden,Feb,IE,17,Commuting,4/10,18.28
1,Nielah-Eyden,16-Nov,Safari,30,Commuting,6/10,18.56
0,Hoang-Keetra,Jun,Chrome,25,Leisure,4/10,17.57
-0,Lunna-Keetra,06-Jun,NA,42,Leisure,4/10,12.48
-0,Hoang-Keetra,Jan,Chrome,31,Commuting,2/10,17.54
1,Lunna-Eyden,Apr,Chrome,37,Commuting,7/10,17.14
1,Nielah-Eyden,22-Nov,NA,33,Commuting,3/10,18.61
0,Nielah-Eyden,May,Chrome,26,Leisure,5/10,19.02
0,Nielah-Eyden,11-Mar,Firefox,26,Commuting,5/10,18.18
1,Hoang-Keetra,Feb,Opera,50,Leisure,6/10,17.07
1,Nielah-Eyden,Feb,Safari,36,Leisure,4/10,19.4
0,Lunna-Eyden,Nov,NA,-,Commuting,4/10,15.1
1,Lunna-Eyden,03-Feb,Firefox,23,Commuting,3/10,15.4
1,Nielah-Eyden,29-Dec,Firefox,-,Commuting,6/10,18.68
1,Lunna-Eyden,28-May,Chrome,22,Leisure,3/10,15.62
1,Nielah-Eyden,Jan,Chrome,28,Leisure,5/10,18.82
0,Lunna-Keetra,27-Oct,Chrome,31,Commuting,4/10,12.26
-0,Lunna-Eyden,Sep,Chrome,44,Commuting,2/10,15.07
-0,Lunna-Keetra,Nov,Chrome,43,Leisure,6/10,11.93
0,Lunna-Eyden,Aug,Chrome,17,Commuting,5/10,14.78
0,Nielah-Eyden,13-Aug,Safari,22,Commuting,4/10,18.72
0,Nielah-Keetra,Feb,Chrome,21,Commuting,4/10,15.58
1,Nielah-Keetra,Sep,Opera,37,Commuting,5/10,15.69
1,Nielah-Eyden,06-Oct,Chrome,33,Commuting,6/10,18.58
1,Nielah-Eyden,05-Feb,Firefox,39,Commuting,7/10,18.95
0,Nielah-Eyden,15-Oct,Chrome,36,Commuting,4/10,18.07
1,Nielah-Keetra,Jul,Chrome,37,Commuting,6/10,15.64
1,Hoang-Eyden,Sep,Chrome,18,Leisure,7/10,21.37
0,Lunna-Eyden,16-Sep,Firefox,-,Commuting,7/10,15.22
1,Nielah-Eyden,10-Mar,Chrome,39,Commuting,3/10,18.42
1,Nielah-Eyden,Dec,NA,29,Commuting,3/10,19.68
0,Lunna-Keetra,Mar,IE,19,Leisure,3/10,12.3
0,Nielah-Eyden,27-Oct,Chrome,33,Commuting,2/10,18.34
1,Nielah-Eyden,04-Apr,Safari,44,Leisure,6/10,18.92
-0,Lunna-Keetra,16-Feb,Chrome,24,Commuting,3/10,11.94
1,Hoang-Eyden,Nov,Chrome,19,Commuting,6/10,20.26
1,Nielah-Eyden,04-Feb,Safari,45,Commuting,6/10,18.37
1,Lunna-Eyden,31-Dec,Chrome,34,Commuting,6/10,16.04
1,Lunna-Eyden,Sep,Chrome,38,Commuting,5/10,16.56
1,Nielah-Keetra,Dec,Firefox,41,Commuting,7/10,16.26
0,Nielah-Eyden,11-Mar,Chrome,21,Commuting,4/10,18.26
0,Nielah-Eyden,25-Oct,NA,18,Commuting,3/10,18.64
0,Nielah-Eyden,Oct,Android,22,Commuting,5/10,18.55
0,Lunna-Eyden,Aug,Chrome,20,Leisure,2/10,15.6
1,Lunna-Eyden,11-Nov,IE,30,Commuting,6/10,16.09
1,Nielah-Eyden,Mar,Chrome,39,Commuting,8/10,18.67
1,Lunna-Eyden,19-Nov,Opera,49,Commuting,7/10,15.01
1,Nielah-Eyden,Feb,Chrome,45,Commuting,8/10,18.78
1,Lunna-Eyden,24-Sep,Chrome,34,Leisure,3/10,15.62
0,Lunna-Keetra,12-Jul,Opera,35,Commuting,4/10,11.96
1,Hoang-Eyden,07-Dec,Firefox,46,Commuting,4/10,22.41
-0,Lunna-Keetra,02-Oct,Firefox,25,Leisure,3/10,12.2
0,Nielah-Eyden,29-Mar,Firefox,40,Leisure,5/10,18.53
0,Hoang-Eyden,20-Oct,IE,34,Leisure,5/10,20.22
1,Nielah-Eyden,30-May,Chrome,16,Commuting,6/10,18.9
0,Nielah-Keetra,Dec,IE,19,Commuting,4/10,16.26
1,Hoang-Eyden,Feb,Chrome,41,Commuting,3/10,20.7
0,Nielah-Eyden,25-Nov,Chrome,37,Commuting,4/10,19.15
-0,Lunna-Keetra,Sep,Chrome,46,Commuting,4/10,12.1
0,Nielah-Keetra,25-Aug,Safari,39,Commuting,5/10,16
0,Lunna-Keetra,Sep,Chrome,19,Leisure,3/10,12.12
0,Lunna-Keetra,06-May,IE,41,Commuting,6/10,12.16
0,Lunna-Keetra,16-Feb,Chrome,-,Leisure,4/10,11.83
1,Nielah-Keetra,22-Sep,Android,-,Commuting,3/10,15.67
0,Lunna-Eyden,Mar,Firefox,48,Leisure,6/10,15.32
1,Nielah-Eyden,Feb,IE,-,Commuting,7/10,18.47
0,Nielah-Keetra,Apr,NA,33,Leisure,2/10,16.1
1,Nielah-Eyden,May,Chrome,35,Commuting,4/10,20.4
1,Nielah-Eyden,Sep,NA,22,Commuting,5/10,18.66
-0,Lunna-Eyden,19-May,IE,44,Leisure,6/10,15.47
1,Nielah-Eyden,17-Jan,Opera,27,Commuting,6/10,18.89
1,Hoang-Eyden,19-Feb,Chrome,50,Commuting,5/10,20.7
1,Nielah-Eyden,25-Aug,Chrome,33,Commuting,5/10,18.46
1,Hoang-Keetra,29-May,Chrome,42,Commuting,4/10,17.97
1,Nielah-Eyden,Nov,Chrome,18,Commuting,6/10,19.2
1,Nielah-Eyden,08-Jun,Firefox,39,Commuting,4/10,19.02
1,Lunna-Eyden,28-Oct,Firefox,-,Commuting,7/10,15.49
1,Hoang-Keetra,27-Feb,Chrome,37,Leisure,4/10,17.78
-0,Hoang-Keetra,May,Firefox,19,Leisure,4/10,17.37
1,Nielah-Eyden,29-Apr,Chrome,36,Commuting,4/10,18.76
1,Hoang-Keetra,26-Feb,Chrome,44,Commuting,5/10,17.39
1,Nielah-Eyden,Jan,Firefox,41,Commuting,7/10,18.74
1,Hoang-Eyden,Sep,Chrome,-,Commuting,4/10,20.41
0,Lunna-Eyden,Nov,Firefox,23,Commuting,3/10,15.29
0,Lunna-Keetra,30-Jul,IE,30,Leisure,3/10,12.49
0,Nielah-Eyden,24-May,Safari,42,Commuting,2/10,18.25
1,Lunna-Eyden,Apr,Chrome,50,Commuting,4/10,15.28
-0,Lunna-Keetra,01-Nov,IE,16,Leisure,8/10,12.06
1,Hoang-Eyden,10-Sep,Chrome,25,Leisure,5/10,20.1
1,Nielah-Eyden,14-May,Chrome,21,Leisure,5/10,18.63
1,Nielah-Eyden,Feb,Safari,33,Commuting,3/10,19.94
0,Nielah-Eyden,Oct,NA,-,Commuting,5/10,18.55
1,Lunna-Eyden,08-Sep,Chrome,31,Commuting,6/10,14.97
0,Lunna-Keetra,Jul,Chrome,-,Commuting,5/10,12.26
1,Nielah-Eyden,01-Aug,Safari,37,Commuting,4/10,18.58
0,Nielah-Eyden,Jun,Chrome,17,Commuting,3/10,18.66
0,Lunna-Keetra,May,Chrome,19,Leisure,6/10,12.1
0,Lunna-Eyden,Jan,Chrome,22,Commuting,1/10,14.91
1,Nielah-Eyden,06-Feb,Firefox,23,Commuting,6/10,19.34
1,Hoang-Eyden,Jan,NA,49,Commuting,5/10,20.71
1,Nielah-Eyden,Oct,NA,30,Commuting,7/10,18.92
1,Nielah-Eyden,May,Chrome,30,Commuting,6/10,19.56
0,Lunna-Eyden,Sep,NA,37,Commuting,6/10,15.06
1,Nielah-Eyden,13-Jan,Chrome,48,Commuting,2/10,18.7
0,Hoang-Eyden,Mar,Chrome,24,Leisure,6/10,20.21
1,Nielah-Eyden,Dec,Chrome,21,Commuting,9/10,18.77
0,Lunna-Eyden,Jul,IE,24,Commuting,7/10,15.8
1,Nielah-Eyden,18-Nov,Chrome,29,Commuting,5/10,18.9
1,Lunna-Eyden,Jun,Safari,28,Leisure,5/10,14.97
1,Nielah-Keetra,Mar,Safari,16,Commuting,6/10,15.41
1,Hoang-Eyden,Feb,Chrome,19,Leisure,6/10,20.8
1,Hoang-Eyden,09-Apr,NA,30,Leisure,5/10,20.33
0,Lunna-Eyden,Mar,Chrome,19,Commuting,7/10,15.05
1,Nielah-Eyden,Jan,Chrome,20,Commuting,8/10,19.92
1,Hoang-Keetra,Apr,Chrome,19,Leisure,6/10,17.97
1,Lunna-Eyden,02-Jan,Safari,41,Leisure,3/10,14.65
0,Lunna-Eyden,Oct,Chrome,22,Leisure,6/10,15.33
1,Nielah-Eyden,01-Mar,Chrome,-,Commuting,5/10,18.35
1,Nielah-Eyden,Sep,Chrome,27,Commuting,5/10,19.17
0,Lunna-Eyden,Jun,NA,17,Commuting,3/10,15.19
1,Hoang-Eyden,20-Nov,Chrome,20,Leisure,5/10,20.41
1,Nielah-Keetra,Apr,IE,30,Commuting,5/10,15.81
0,Lunna-Eyden,28-Apr,Chrome,43,Commuting,3/10,14.8
0,Hoang-Keetra,Apr,IE,32,Commuting,4/10,17.03
-0,Lunna-Keetra,08-Apr,Chrome,50,Commuting,7/10,12.34
1,Nielah-Eyden,Apr,Chrome,31,Commuting,5/10,18.78
1,Nielah-Eyden,08-May,Firefox,26,Commuting,5/10,19.76
-0,Lunna-Keetra,04-May,Chrome,50,Commuting,3/10,12.43
0,Lunna-Eyden,21-Nov,Chrome,34,Commuting,8/10,15.82
0,Lunna-Eyden,Mar,Safari,17,Commuting,4/10,15.03
0,Lunna-Keetra,03-Dec,NA,21,Commuting,4/10,12.54
0,Lunna-Eyden,Jan,Safari,25,Leisure,5/10,15.49
1,Nielah-Eyden,24-Jun,IE,28,Leisure,5/10,18.41
1,Nielah-Eyden,Oct,IE,26,Commuting,6/10,19.03
1,Hoang-Eyden,08-Jul,IE,19,Leisure,7/10,20.27
1,Nielah-Eyden,Jul,Chrome,39,Commuting,4/10,18.77
1,Nielah-Eyden,20-Feb,Chrome,47,Leisure,3/10,18.91
1,Nielah-Eyden,05-Dec,Chrome,33,Commuting,6/10,18.25
0,Lunna-Eyden,16-May,Chrome,33,Commuting,6/10,15.07
1,Lunna-Eyden,Mar,Firefox,47,Leisure,9/10,15.51
1,Nielah-Eyden,18-Oct,Chrome,16,Leisure,7/10,18.53
1,Nielah-Eyden,May,Chrome,47,Commuting,7/10,19.26
1,Hoang-Eyden,Apr,IE,37,Leisure,5/10,20.07
1,Nielah-Eyden,Mar,Safari,39,Commuting,5/10,18.31
0,Hoang-Keetra,Aug,Chrome,20,Leisure,4/10,17.4
1,Nielah-Keetra,Apr,Chrome,17,Leisure,4/10,15.87
0,Lunna-Eyden,May,Chrome,22,Leisure,5/10,15.17
1,Nielah-Eyden,05-May,Chrome,28,Leisure,6/10,19.35
0,Lunna-Keetra,Nov,NA,33,Commuting,3/10,12.44
0,Nielah-Eyden,Jul,Chrome,36,Commuting,5/10,19.11
1,Nielah-Eyden,Jul,Chrome,-,Commuting,3/10,18.77
1,Nielah-Eyden,May,NA,42,Commuting,7/10,19.57
1,Hoang-Keetra,Dec,IE,26,Leisure,7/10,17.52
1,Nielah-Eyden,05-Feb,Chrome,27,Commuting,5/10,19.85
1,Nielah-Keetra,04-May,IE,42,Commuting,4/10,16.03
1,Hoang-Keetra,13-Jul,Chrome,17,Leisure,5/10,17.69
0,Lunna-Eyden,Sep,IE,37,Commuting,7/10,15.59
1,Lunna-Eyden,09-Mar,Safari,41,Leisure,6/10,15.44
0,Hoang-Keetra,03-Dec,Safari,36,Leisure,5/10,17.47
0,Lunna-Eyden,Oct,Firefox,50,Leisure,3/10,14.79
1,Hoang-Keetra,14-Mar,Firefox,19,Commuting,6/10,17.86
1,Nielah-Eyden,13-Sep,Chrome,39,Commuting,4/10,19.48
1,Lunna-Eyden,Mar,Chrome,39,Commuting,4/10,16.19
1,Hoang-Keetra,Mar,Chrome,30,Commuting,4/10,17.07
1,Nielah-Eyden,Dec,Chrome,-,Commuting,4/10,18.18
1,Nielah-Eyden,12-Nov,Chrome,44,Leisure,5/10,18.77
1,Hoang-Eyden,16-Mar,Safari,16,Commuting,3/10,20.7
1,Nielah-Eyden,30-Sep,Chrome,26,Commuting,4/10,18.88
1,Nielah-Eyden,Jan,Chrome,18,Commuting,7/10,18.34
1,Hoang-Eyden,Aug,Chrome,43,Leisure,3/10,20.23
1,Hoang-Keetra,Dec,NA,28,Leisure,4/10,17.46
-0,Lunna-Keetra,21-Apr,NA,19,Commuting,5/10,12.34
1,Nielah-Eyden,12-Sep,Firefox,33,Commuting,5/10,18.96
1,Hoang-Eyden,06-Feb,Chrome,38,Commuting,7/10,20.53
0,Lunna-Keetra,Sep,Chrome,20,Leisure,5/10,12.69
0,Lunna-Eyden,Jan,NA,16,Commuting,7/10,14.93
1,Lunna-Eyden,30-Jan,Firefox,-,Commuting,4/10,15.58
1,Nielah-Eyden,05-Oct,IE,36,Commuting,5/10,19.44
0,Nielah-Eyden,Apr,Chrome,-,Commuting,4/10,18.61
1,Lunna-Eyden,21-Sep,IE,37,Commuting,8/10,15.87
-0,Lunna-Keetra,Feb,NA,26,Commuting,4/10,12.55
0,Lunna-Keetra,20-Aug,Firefox,39,Leisure,3/10,12.7
1,Nielah-Eyden,Nov,Chrome,26,Commuting,6/10,19.28
1,Nielah-Eyden,26-May,Chrome,-,Commuting,5/10,19.31
1,Lunna-Keetra,Aug,Chrome,36,Commuting,6/10,12.13
0,Hoang-Keetra,08-Sep,Firefox,43,Leisure,1/10,17.63
0,Hoang-Keetra,Aug,Chrome,24,Commuting,6/10,17.85
1,Hoang-Eyden,Aug,Firefox,34,Leisure,5/10,20.96
1,Lunna-Eyden,08-Sep,IE,41,Commuting,4/10,15.66
0,Lunna-Keetra,Nov,Chrome,25,Leisure,7/10,12.73
1,Nielah-Keetra,May,Firefox,20,Commuting,4/10,15.43
1,Nielah-Eyden,07-May,Chrome,30,Commuting,4/10,18.92
1,Lunna-Keetra,21-Apr,Firefox,24,Commuting,6/10,12.6
1,Nielah-Eyden,14-Jun,Chrome,17,Commuting,4/10,19.07
1,Hoang-Keetra,15-Sep,Chrome,21,Leisure,7/10,17.04
0,Lunna-Eyden,Aug,Chrome,45,Commuting,2/10,15.38
1,Nielah-Eyden,Apr,IE,42,Commuting,8/10,18.65
1,Nielah-Eyden,Dec,Chrome,24,Commuting,5/10,18.6
0,Lunna-Keetra,26-Apr,IE,37,Leisure,5/10,11.82
1,Nielah-Eyden,Nov,Chrome,47,Commuting,6/10,18.43
0,Nielah-Eyden,Nov,Chrome,18,Commuting,5/10,19.11
1,Hoang-Keetra,08-Oct,Chrome,43,Leisure,5/10,17.23
1,Lunna-Eyden,07-Aug,Chrome,40,Commuting,5/10,15.09
1,Nielah-Eyden,21-Jul,Android,23,Commuting,3/10,18.31
-0,Nielah-Keetra,Oct,Firefox,30,Commuting,3/10,15.62
0,Nielah-Keetra,Jul,Firefox,27,Leisure,3/10,15.55
0,Nielah-Eyden,28-Oct,Safari,25,Commuting,5/10,18.76
1,Nielah-Keetra,Nov,Chrome,21,Commuting,6/10,15.52
1,Nielah-Eyden,Apr,Chrome,26,Commuting,5/10,19.31
0,Nielah-Eyden,May,Safari,22,Commuting,5/10,18.36
1,Hoang-Eyden,Jun,IE,28,Leisure,6/10,20.51
1,Lunna-Eyden,16-Jul,Chrome,50,Leisure,6/10,16.02
1,Nielah-Eyden,12-Feb,Chrome,30,Commuting,5/10,18.49
1,Lunna-Eyden,07-Jun,Safari,-,Commuting,8/10,15.19
1,Nielah-Eyden,Sep,NA,17,Commuting,5/10,18.51
1,Hoang-Eyden,19-Jun,IE,30,Commuting,4/10,20.62
1,Nielah-Eyden,Nov,Chrome,24,Leisure,6/10,18.46
1,Hoang-Keetra,Aug,Chrome,41,Leisure,6/10,17.9
1,Nielah-Eyden,04-Aug,Chrome,19,Commuting,6/10,18.29
0,Lunna-Eyden,06-Oct,Android,49,Commuting,3/10,15.77
1,Nielah-Eyden,Sep,Chrome,46,Leisure,4/10,18.17
1,Nielah-Eyden,Nov,Chrome,24,Commuting,3/10,18.39
0,Lunna-Eyden,25-Mar,Chrome,16,Leisure,4/10,16.45
0,Hoang-Eyden,15-Feb,IE,32,Commuting,4/10,20.19
0,Lunna-Eyden,Jan,Chrome,31,Commuting,3/10,15.82
1,Nielah-Eyden,May,Chrome,41,Commuting,7/10,18.79
0,Lunna-Keetra,Nov,Chrome,19,Leisure,5/10,12.26
0,Hoang-Keetra,May,Chrome,48,Leisure,4/10,17.91
1,Nielah-Eyden,Jun,Chrome,28,Commuting,5/10,18.72
1,Hoang-Eyden,May,IE,43,Leisure,4/10,20.53
1,Nielah-Keetra,Mar,Chrome,-,Leisure,5/10,15.49
-0,Lunna-Eyden,28-Mar,NA,40,Commuting,5/10,15.23
0,Lunna-Keetra,31-Dec,Chrome,36,Leisure,5/10,12.37
0,Lunna-Eyden,Sep,Chrome,44,Leisure,4/10,15.83
1,Nielah-Eyden,11-Dec,Safari,17,Leisure,6/10,18.78
1,Nielah-Eyden,04-Jul,Firefox,34,Commuting,5/10,18.37
-0,Lunna-Eyden,31-Jan,Chrome,28,Commuting,5/10,15.16
0,Nielah-Eyden,15-Sep,Chrome,18,Commuting,4/10,18.88
0,Lunna-Eyden,29-Mar,Safari,19,Commuting,6/10,15.36
1,Nielah-Keetra,May,IE,16,Commuting,6/10,15.31
1,Lunna-Eyden,10-Aug,IE,37,Commuting,5/10,15.61
0,Nielah-Keetra,Dec,NA,43,Commuting,3/10,16.05
1,Hoang-Keetra,Feb,Chrome,50,Leisure,6/10,17.16
0,Lunna-Keetra,22-Jan,IE,16,Leisure,5/10,12.62
0,Nielah-Eyden,Jun,Chrome,29,Commuting,3/10,18.52
1,Lunna-Eyden,May,IE,20,Leisure,6/10,15.44
1,Nielah-Eyden,Nov,NA,37,Commuting,5/10,18.45
0,Lunna-Eyden,Aug,Opera,45,Leisure,4/10,16.6
0,Nielah-Eyden,Sep,NA,26,Commuting,4/10,18.36
1,Lunna-Eyden,Jan,IE,19,Commuting,8/10,15.21
-0,Nielah-Keetra,28-Feb,Chrome,-,Commuting,3/10,15.5
1,Lunna-Eyden,Mar,Chrome,37,Leisure,7/10,17.07
1,Lunna-Eyden,28-Jan,IE,43,Commuting,5/10,15.57
0,Nielah-Eyden,24-Mar,Safari,40,Commuting,5/10,18.12
1,Nielah-Keetra,Oct,Chrome,20,Commuting,6/10,15.59
0,Lunna-Keetra,Jan,Chrome,38,Commuting,6/10,12.42
0,Nielah-Eyden,Aug,IE,27,Commuting,3/10,18.32
1,Nielah-Eyden,04-Jun,IE,41,Commuting,6/10,18.61
1,Lunna-Eyden,01-Jun,Opera,38,Commuting,6/10,14.99
0,Lunna-Eyden,Dec,Chrome,33,Commuting,5/10,15.11
-0,Nielah-Keetra,24-Oct,Chrome,43,Commuting,4/10,15.68
1,Hoang-Eyden,Aug,Chrome,17,Commuting,3/10,20.97
1,Nielah-Eyden,Jun,Safari,48,Commuting,6/10,18.6
0,Lunna-Eyden,Nov,Android,17,Commuting,2/10,15.46
0,Lunna-Keetra,Nov,IE,45,Leisure,5/10,11.88
-0,Lunna-Keetra,22-Sep,Chrome,45,Commuting,1/10,12.17
1,Nielah-Eyden,Jan,Firefox,-,Commuting,8/10,18.86
0,Lunna-Eyden,04-Aug,Chrome,48,Commuting,5/10,15
1,Nielah-Eyden,12-Nov,Chrome,42,Commuting,7/10,19.25
1,Nielah-Eyden,01-Jan,Chrome,41,Leisure,5/10,19.16
0,Lunna-Keetra,May,Chrome,26,Commuting,5/10,12.25
-0,Lunna-Keetra,02-Apr,Android,44,Leisure,2/10,12.31
1,Lunna-Eyden,19-Sep,Chrome,29,Commuting,4/10,15.62
1,Hoang-Eyden,Nov,NA,24,Leisure,7/10,20.47
1,Nielah-Eyden,Nov,Safari,20,Commuting,3/10,18.87
1,Nielah-Eyden,Jul,Safari,49,Commuting,6/10,19.1
0,Nielah-Keetra,22-May,Firefox,47,Commuting,4/10,15.36
1,Nielah-Keetra,09-Jan,Chrome,-,Commuting,5/10,15.85
0,Lunna-Keetra,07-Aug,IE,16,Commuting,3/10,12.14
1,Nielah-Eyden,15-May,IE,31,Commuting,8/10,19.22
0,Lunna-Eyden,Mar,Firefox,39,Leisure,5/10,15.26
1,Nielah-Keetra,02-Apr,Safari,23,Commuting,9/10,15.69
1,Nielah-Eyden,19-Jul,Chrome,27,Commuting,3/10,18.73
1,Nielah-Eyden,Sep,Android,39,Commuting,3/10,19.04
0,Nielah-Keetra,13-Nov,Chrome,26,Leisure,7/10,15.74
1,Hoang-Eyden,18-Apr,Firefox,22,Commuting,6/10,20.39
1,Lunna-Eyden,Oct,Firefox,21,Leisure,7/10,15.04
1,Nielah-Eyden,Mar,Firefox,17,Commuting,6/10,19.36
0,Lunna-Eyden,18-Jan,Chrome,21,Leisure,5/10,15.46
1,Nielah-Eyden,Nov,Chrome,40,Commuting,8/10,19.01
1,Nielah-Eyden,22-Dec,IE,24,Commuting,4/10,18.67
1,Nielah-Eyden,11-Aug,Firefox,19,Commuting,7/10,19.58
0,Nielah-Keetra,Jan,Chrome,20,Leisure,4/10,15.57
-0,Lunna-Keetra,27-Jun,Chrome,19,Leisure,3/10,12.45
1,Nielah-Keetra,03-Sep,Firefox,23,Commuting,6/10,15.74
1,Hoang-Keetra,18-Jun,Chrome,49,Leisure,7/10,17.43
1,Nielah-Eyden,Oct,IE,22,Commuting,5/10,18.25
0,Lunna-Eyden,Feb,IE,22,Commuting,4/10,14.85
1,Nielah-Eyden,Nov,Firefox,26,Commuting,5/10,18.49
0,Lunna-Eyden,12-Mar,Firefox,43,Commuting,5/10,14.86
-0,Lunna-Eyden,12-Jan,Firefox,33,Leisure,2/10,16.16
1,Nielah-Eyden,Mar,IE,23,Leisure,7/10,19.24
1,Hoang-Eyden,27-Aug,Safari,38,Commuting,7/10,20.11
1,Nielah-Eyden,18-Mar,IE,23,Leisure,6/10,19.07
0,Lunna-Eyden,Jan,Chrome,41,Commuting,5/10,15.16
-0,Hoang-Keetra,30-Oct,Chrome,50,Leisure,3/10,17.37
1,Nielah-Eyden,28-Aug,NA,16,Commuting,9/10,19.54
1,Nielah-Eyden,Nov,NA,18,Commuting,5/10,19.21
-0,Lunna-Keetra,10-Jun,Android,31,Leisure,5/10,12.15
0,Nielah-Eyden,26-Sep,Chrome,43,Commuting,4/10,18.42
0,Lunna-Keetra,22-Jul,Firefox,18,Leisure,2/10,11.75
1,Lunna-Eyden,17-Mar,Chrome,-,Leisure,6/10,15.29
1,Lunna-Eyden,Aug,Firefox,-,Commuting,5/10,14.92
0,Nielah-Keetra,06-Dec,Chrome,46,Commuting,3/10,15.69
0,Lunna-Eyden,18-Jan,Chrome,20,Commuting,3/10,15.15
0,Nielah-Eyden,Dec,Chrome,25,Commuting,6/10,18.61
0,Lunna-Keetra,04-Mar,Firefox,19,Leisure,7/10,12.81
0,Lunna-Keetra,Oct,Chrome,45,Commuting,6/10,12.29
1,Lunna-Keetra,30-May,Chrome,35,Commuting,3/10,13.33
1,Hoang-Eyden,Nov,Chrome,23,Commuting,5/10,20.21
1,Lunna-Eyden,15-May,Chrome,29,Commuting,5/10,15
0,Lunna-Keetra,15-Apr,Chrome,35,Leisure,5/10,12.22
0,Nielah-Eyden,Nov,NA,36,Commuting,5/10,18.19
1,Nielah-Eyden,Feb,NA,25,Commuting,3/10,18.57
0,Lunna-Keetra,Sep,Chrome,46,Commuting,5/10,11.78
0,Nielah-Eyden,02-Apr,NA,22,Leisure,5/10,18.35
0,Lunna-Eyden,24-May,Chrome,28,Commuting,3/10,15.06
0,Nielah-Eyden,28-Feb,Chrome,29,Commuting,2/10,18.33
0,Hoang-Eyden,Apr,NA,19,Commuting,4/10,19.88
1,Nielah-Eyden,Apr,Safari,20,Commuting,7/10,18.47
0,Lunna-Eyden,Jul,Chrome,36,Commuting,5/10,15.13
0,Nielah-Eyden,Mar,Firefox,-,Commuting,4/10,18.3
1,Lunna-Eyden,06-Jan,Firefox,36,Commuting,4/10,14.86
1,Hoang-Eyden,Sep,Chrome,33,Commuting,7/10,19.97
1,Lunna-Eyden,Sep,Chrome,44,Leisure,7/10,14.75
1,Hoang-Keetra,27-Jul,IE,27,Leisure,4/10,17.76
1,Nielah-Eyden,19-Aug,NA,24,Commuting,8/10,18.55
1,Nielah-Eyden,Mar,NA,41,Commuting,6/10,18.43
1,Lunna-Eyden,01-Nov,Safari,28,Commuting,6/10,15.69
1,Lunna-Eyden,23-Oct,Safari,22,Commuting,5/10,15.5
0,Lunna-Eyden,10-Dec,Safari,19,Commuting,4/10,15.4
1,Nielah-Keetra,Mar,Chrome,16,Commuting,5/10,15.43
0,Lunna-Keetra,May,Chrome,18,Commuting,3/10,12.01
0,Lunna-Eyden,01-May,Chrome,26,Commuting,4/10,14.7
1,Nielah-Eyden,14-May,IE,21,Commuting,4/10,19.91
1,Hoang-Keetra,08-Sep,IE,26,Leisure,7/10,17.76
0,Lunna-Eyden,Mar,Firefox,20,Commuting,7/10,15.51
1,Nielah-Eyden,04-Oct,IE,27,Commuting,6/10,18.32
1,Nielah-Eyden,30-Aug,NA,42,Commuting,6/10,18.57
1,Hoang-Eyden,18-Nov,Chrome,25,Commuting,6/10,20.27
1,Nielah-Eyden,30-Nov,Chrome,34,Commuting,6/10,18.77
1,Lunna-Keetra,Sep,Chrome,27,Leisure,6/10,11.79
1,Nielah-Eyden,06-May,Firefox,21,Commuting,6/10,18.84
1,Nielah-Eyden,18-Oct,Firefox,35,Commuting,4/10,18.34
1,Nielah-Eyden,24-Oct,Chrome,39,Commuting,6/10,18.69
0,Nielah-Eyden,Sep,Safari,-,Commuting,4/10,19.22
1,Nielah-Eyden,20-Feb,Chrome,22,Leisure,2/10,20.02
-0,Nielah-Keetra,02-Apr,Chrome,-,Leisure,4/10,15.58
1,Nielah-Eyden,05-Feb,Chrome,25,Commuting,5/10,18.35
0,Hoang-Eyden,18-Dec,IE,46,Commuting,4/10,20.17
1,Hoang-Keetra,Oct,NA,17,Leisure,4/10,17.54
1,Nielah-Eyden,01-Apr,Chrome,35,Commuting,8/10,19.62
-0,Lunna-Keetra,15-Jan,Chrome,47,Leisure,6/10,12.08
0,Lunna-Eyden,Jun,Chrome,31,Commuting,4/10,14.9
1,Nielah-Eyden,Dec,Android,33,Commuting,6/10,18.41
1,Nielah-Eyden,03-Apr,Chrome,40,Commuting,4/10,18.94
0,Lunna-Eyden,Sep,Chrome,31,Commuting,6/10,15.27
1,Hoang-Eyden,Jul,Chrome,31,Leisure,5/10,20.49
1,Nielah-Eyden,07-Jan,Chrome,17,Commuting,4/10,19.66
0,Nielah-Eyden,30-Jun,Firefox,24,Commuting,3/10,18.67
1,Lunna-Eyden,Apr,Chrome,41,Commuting,4/10,15.8
0,Nielah-Eyden,Aug,Chrome,-,Commuting,6/10,18.59
1,Lunna-Keetra,21-Oct,IE,45,Commuting,5/10,12.23
1,Hoang-Eyden,Jun,NA,17,Leisure,5/10,20.55
0,Nielah-Eyden,Jun,Firefox,19,Commuting,6/10,18.53
1,Lunna-Eyden,27-Jul,Chrome,47,Commuting,4/10,15.06
1,Nielah-Eyden,07-May,Chrome,17,Commuting,6/10,18.37
0,Nielah-Eyden,Sep,Chrome,43,Commuting,5/10,19.22
1,Nielah-Eyden,11-Oct,Chrome,28,Commuting,4/10,19.92
1,Nielah-Eyden,04-Nov,Firefox,47,Commuting,6/10,18.92
1,Nielah-Eyden,Mar,Chrome,-,Commuting,6/10,18.82
1,Lunna-Keetra,16-Mar,Opera,37,Commuting,4/10,12.45
1,Nielah-Eyden,Mar,Chrome,25,Commuting,4/10,18.88
0,Lunna-Eyden,09-Jan,Safari,30,Commuting,3/10,15.72
0,Lunna-Eyden,Oct,Safari,48,Leisure,5/10,15.07
1,Hoang-Eyden,Dec,Safari,36,Commuting,5/10,20.07
1,Hoang-Eyden,Jun,Chrome,-,Commuting,5/10,20.36
1,Hoang-Keetra,Jan,Chrome,32,Commuting,6/10,17.21
1,Hoang-Eyden,Jul,Safari,-,Leisure,5/10,20.53
0,Lunna-Eyden,23-Feb,Chrome,17,Leisure,5/10,15.59
0,Nielah-Eyden,01-Mar,Chrome,46,Commuting,6/10,18.59
1,Lunna-Eyden,Dec,IE,16,Commuting,6/10,15.67
1,Nielah-Eyden,27-Jan,Safari,38,Commuting,7/10,19.17
1,Nielah-Eyden,01-Sep,Firefox,44,Commuting,4/10,19
1,Nielah-Eyden,Oct,Safari,45,Commuting,4/10,19.16
0,Nielah-Eyden,Dec,Chrome,48,Commuting,4/10,18.58
1,Nielah-Eyden,Jun,Chrome,30,Commuting,4/10,18.42
0,Hoang-Keetra,18-Jan,Safari,42,Leisure,5/10,17.3
1,Nielah-Eyden,10-Sep,IE,40,Commuting,6/10,18.62
0,Hoang-Keetra,Aug,IE,33,Leisure,6/10,17.41
0,Lunna-Eyden,Aug,Chrome,26,Leisure,3/10,15.08
1,Nielah-Eyden,08-Jan,Chrome,41,Leisure,7/10,19.48
1,Hoang-Keetra,14-Nov,NA,39,Leisure,5/10,17.85
1,Hoang-Keetra,Sep,Android,16,Leisure,4/10,17.49
0,Nielah-Keetra,Mar,Chrome,47,Commuting,6/10,15.46
1,Nielah-Eyden,Apr,Chrome,35,Commuting,7/10,19.75
1,Hoang-Keetra,Dec,IE,31,Leisure,6/10,17.83
1,Nielah-Keetra,Feb,IE,17,Commuting,4/10,15.63
0,Nielah-Eyden,Nov,IE,45,Commuting,5/10,18.29
1,Lunna-Eyden,29-Dec,Chrome,21,Commuting,4/10,15.22
1,Nielah-Eyden,26-Jul,Chrome,16,Commuting,5/10,18.63
-0,Lunna-Eyden,07-Jul,Safari,37,Commuting,4/10,15.2
1,Lunna-Eyden,30-Jul,Firefox,48,Commuting,4/10,15.18
1,Nielah-Eyden,Feb,Chrome,22,Commuting,5/10,19.71
0,Lunna-Eyden,21-Jan,Chrome,17,Leisure,3/10,15.28
0,Nielah-Keetra,May,Chrome,46,Commuting,7/10,15.74
-0,Nielah-Keetra,Dec,Chrome,27,Commuting,3/10,15.42
1,Nielah-Eyden,16-Apr,Chrome,40,Commuting,5/10,18.88
1,Lunna-Eyden,01-Sep,Chrome,42,Leisure,7/10,15.38
1,Nielah-Eyden,06-Oct,Chrome,45,Commuting,4/10,18.95
-0,Lunna-Eyden,Dec,Firefox,20,Leisure,6/10,15.01
0,Lunna-Eyden,Nov,Safari,-,Leisure,3/10,14.98
0,Lunna-Keetra,Apr,NA,44,Commuting,6/10,12.61
1,Nielah-Eyden,Aug,Chrome,49,Commuting,5/10,18.67
-0,Lunna-Keetra,Apr,Chrome,22,Leisure,3/10,12.19
0,Lunna-Keetra,Apr,Chrome,18,Commuting,5/10,11.94
0,Nielah-Eyden,Nov,Chrome,29,Leisure,3/10,18.53
1,Nielah-Eyden,18-May,Chrome,26,Commuting,6/10,18.93
1,Lunna-Keetra,24-Jun,Firefox,21,Leisure,8/10,13.67
0,Lunna-Keetra,Jan,Chrome,21,Leisure,5/10,12.28
1,Lunna-Eyden,Feb,Safari,22,Commuting,2/10,15.57
1,Nielah-Eyden,Mar,IE,48,Commuting,8/10,18.25
1,Lunna-Eyden,Nov,Chrome,23,Commuting,4/10,16.36
0,Lunna-Eyden,Nov,Chrome,47,Leisure,3/10,14.9
1,Nielah-Eyden,Sep,Safari,27,Commuting,5/10,19.83
0,Lunna-Keetra,30-Aug,Chrome,23,Commuting,3/10,11.88
-0,Lunna-Keetra,16-Oct,Chrome,21,Commuting,5/10,12.76
0,Nielah-Keetra,May,Chrome,18,Commuting,4/10,16.59
1,Hoang-Eyden,Feb,Firefox,25,Commuting,5/10,20.36
1,Hoang-Eyden,Apr,NA,44,Commuting,6/10,21.04
1,Nielah-Eyden,26-Jun,Chrome,28,Commuting,6/10,18.21
0,Lunna-Eyden,Mar,Firefox,33,Commuting,5/10,14.99
1,Nielah-Eyden,14-Aug,Safari,16,Commuting,3/10,19.19
1,Lunna-Keetra,Jan,IE,45,Leisure,4/10,12.38
1,Nielah-Keetra,Jun,NA,48,Commuting,7/10,16.51
0,Lunna-Eyden,Feb,Safari,39,Commuting,3/10,15.63
1,Nielah-Eyden,Aug,Chrome,19,Commuting,7/10,18.42
1,Nielah-Eyden,01-May,Firefox,25,Commuting,5/10,18.48
1,Nielah-Eyden,14-Jul,NA,43,Commuting,7/10,18.29
1,Hoang-Eyden,Oct,Chrome,20,Commuting,4/10,20.43
-0,Nielah-Eyden,Nov,Firefox,17,Commuting,3/10,18.52
1,Nielah-Eyden,22-Aug,NA,25,Commuting,7/10,18.93
0,Nielah-Eyden,07-Jun,Chrome,44,Commuting,6/10,18.47
1,Hoang-Keetra,Dec,Chrome,27,Leisure,4/10,17.31
1,Hoang-Eyden,05-Feb,Safari,46,Leisure,4/10,20.28
1,Lunna-Eyden,Jun,Chrome,-,Commuting,8/10,15.59
0,Lunna-Keetra,06-Mar,Chrome,-,Leisure,4/10,12.22
-0,Nielah-Eyden,22-Jan,Firefox,42,Commuting,6/10,18.56
0,Lunna-Keetra,03-Jul,IE,26,Commuting,4/10,12.72
1,Lunna-Eyden,Nov,Firefox,48,Commuting,6/10,15.39
1,Nielah-Keetra,Oct,Chrome,44,Commuting,5/10,15.93
1,Nielah-Eyden,21-Sep,NA,30,Leisure,6/10,18.63
0,Nielah-Eyden,Oct,IE,46,Commuting,6/10,19.06
1,Nielah-Eyden,06-Feb,Chrome,46,Commuting,5/10,18.7
1,Nielah-Eyden,May,Chrome,40,Commuting,6/10,19.62
0,Nielah-Eyden,27-Apr,IE,23,Commuting,6/10,18.41
1,Lunna-Eyden,Jan,IE,39,Commuting,7/10,14.84
1,Hoang-Eyden,Mar,Chrome,-,Commuting,6/10,21.97
1,Nielah-Eyden,01-Jul,Chrome,37,Commuting,3/10,19
-0,Lunna-Eyden,Oct,NA,43,Leisure,4/10,14.91
1,Nielah-Eyden,29-Apr,IE,18,Commuting,7/10,19.05
0,Lunna-Keetra,25-May,IE,17,Leisure,5/10,12.16
0,Hoang-Keetra,Jan,Opera,24,Commuting,4/10,17.78
1,Nielah-Eyden,23-May,IE,38,Commuting,6/10,19.98
1,Nielah-Eyden,Nov,Safari,22,Commuting,4/10,18.72
0,Lunna-Eyden,26-Mar,Chrome,30,Leisure,3/10,15.41
0,Nielah-Eyden,Jan,IE,35,Commuting,6/10,18.7
0,Lunna-Keetra,Sep,IE,16,Commuting,5/10,12.68
-0,Nielah-Keetra,Jan,Chrome,45,Commuting,5/10,16.15
1,Nielah-Eyden,03-Apr,Chrome,45,Commuting,5/10,18.65
0,Nielah-Eyden,Jun,Firefox,31,Commuting,3/10,18.44
-0,Lunna-Keetra,16-Jun,Chrome,20,Commuting,3/10,12.18
1,Nielah-Eyden,13-Jul,NA,34,Commuting,7/10,19.58
0,Nielah-Eyden,Jan,IE,20,Commuting,7/10,18.14
1,Nielah-Eyden,Sep,IE,49,Commuting,4/10,18.65
-0,Lunna-Eyden,18-Nov,Chrome,36,Commuting,4/10,15.3
1,Nielah-Eyden,Oct,IE,47,Commuting,6/10,18.68
0,Lunna-Eyden,Jul,IE,34,Commuting,3/10,15.22
1,Nielah-Eyden,Sep,IE,45,Commuting,6/10,19.23
1,Nielah-Eyden,Feb,Chrome,20,Commuting,4/10,18.88
-0,Lunna-Eyden,Dec,NA,27,Commuting,7/10,15.01
1,Nielah-Eyden,22-May,Chrome,45,Commuting,4/10,19.94
0,Lunna-Eyden,Aug,IE,29,Commuting,4/10,15.51
1,Nielah-Eyden,03-May,Chrome,18,Commuting,4/10,19.33
1,Nielah-Eyden,24-Nov,Chrome,28,Commuting,6/10,18.31
1,Nielah-Eyden,11-Oct,Chrome,49,Commuting,4/10,18.84
0,Nielah-Eyden,Jul,NA,49,Commuting,6/10,18.69
-0,Lunna-Eyden,Oct,Firefox,48,Commuting,4/10,14.83
0,Lunna-Eyden,22-Nov,Safari,31,Leisure,7/10,15.4
1,Hoang-Keetra,Feb,Chrome,45,Commuting,7/10,17.37
1,Hoang-Eyden,Dec,Chrome,22,Commuting,3/10,20.61
1,Hoang-Eyden,28-Feb,Chrome,45,Commuting,6/10,20.26
0,Nielah-Eyden,09-Jan,Firefox,-,Commuting,4/10,18.45
1,Lunna-Eyden,Mar,IE,39,Commuting,7/10,15.26
0,Nielah-Eyden,18-Feb,NA,36,Commuting,4/10,18.69
0,Nielah-Eyden,29-Jun,Chrome,18,Commuting,6/10,18.23
1,Nielah-Keetra,May,Chrome,20,Leisure,7/10,15.67
1,Nielah-Eyden,Jul,IE,31,Commuting,7/10,18.45
-0,Lunna-Keetra,05-Nov,Safari,28,Leisure,4/10,12.08
0,Nielah-Eyden,21-Mar,Chrome,21,Commuting,5/10,18.57
0,Nielah-Eyden,20-Nov,Chrome,39,Commuting,4/10,18.77
-0,Nielah-Keetra,Apr,Firefox,46,Commuting,5/10,15.94
1,Nielah-Eyden,Apr,Chrome,44,Commuting,5/10,18.42
1,Nielah-Eyden,28-Jan,Chrome,27,Commuting,6/10,18.9
1,Nielah-Eyden,Dec,Chrome,48,Commuting,6/10,18.63
1,Nielah-Eyden,16-Jul,Chrome,45,Commuting,5/10,18.75
0,Lunna-Eyden,15-May,IE,38,Commuting,5/10,14.97
0,Nielah-Eyden,Dec,Chrome,30,Commuting,4/10,18.66
0,Lunna-Keetra,15-Apr,IE,-,Commuting,6/10,12.1
1,Nielah-Eyden,09-Oct,Chrome,48,Commuting,5/10,19.05
1,Nielah-Eyden,23-Aug,Opera,41,Leisure,7/10,18.43
1,Hoang-Eyden,Aug,NA,46,Commuting,7/10,21.07
-0,Hoang-Keetra,08-Jan,Chrome,47,Leisure,5/10,18.21
1,Nielah-Eyden,Jul,Firefox,25,Commuting,4/10,18.56
1,Lunna-Keetra,May,Chrome,46,Commuting,6/10,12.15
1,Nielah-Eyden,29-Nov,Firefox,29,Commuting,7/10,19.15
-0,Nielah-Eyden,Dec,Firefox,23,Leisure,4/10,18.21
1,Nielah-Eyden,23-Jan,Firefox,41,Commuting,6/10,18.69
0,Hoang-Keetra,Sep,NA,35,Leisure,5/10,17.32
-0,Nielah-Eyden,Mar,Firefox,34,Commuting,2/10,19.33
-0,Nielah-Eyden,May,IE,44,Commuting,4/10,18.44
1,Lunna-Eyden,18-Mar,NA,-,Commuting,5/10,16.35
1,Nielah-Eyden,Jul,IE,48,Commuting,7/10,18.37
0,Nielah-Keetra,Nov,NA,22,Leisure,6/10,15.62
1,Nielah-Eyden,29-Jul,NA,50,Commuting,7/10,18.9
1,Nielah-Eyden,26-Dec,Firefox,-,Leisure,4/10,18.5
1,Nielah-Eyden,16-Feb,Firefox,40,Commuting,2/10,18.29
1,Nielah-Eyden,Jul,IE,49,Commuting,1/10,18.58
1,Hoang-Eyden,22-Jul,Chrome,40,Leisure,5/10,21.37
0,Lunna-Eyden,Apr,Firefox,26,Commuting,6/10,15.23
1,Nielah-Keetra,May,Chrome,21,Commuting,6/10,15.89
1,Nielah-Eyden,Mar,Chrome,23,Leisure,8/10,18.43
1,Hoang-Keetra,Mar,Chrome,20,Leisure,7/10,17.66
0,Lunna-Eyden,02-Apr,IE,37,Leisure,6/10,15.82
1,Hoang-Eyden,Jul,Chrome,25,Commuting,6/10,20.83
0,Nielah-Eyden,19-Jun,NA,16,Commuting,8/10,18.67
1,Nielah-Eyden,Nov,Firefox,31,Commuting,7/10,18.08
1,Lunna-Eyden,24-Sep,Chrome,36,Commuting,6/10,14.92
0,Nielah-Eyden,05-Apr,Chrome,18,Commuting,3/10,19.02
1,Nielah-Eyden,28-Jan,Chrome,27,Commuting,8/10,19.64
0,Nielah-Eyden,07-Dec,Chrome,18,Commuting,4/10,18.56
1,Nielah-Eyden,23-Jul,NA,47,Commuting,7/10,19.91
1,Nielah-Eyden,15-Sep,Chrome,40,Commuting,5/10,18.82
0,Nielah-Eyden,Jan,NA,38,Commuting,6/10,18.59
1,Nielah-Eyden,23-Nov,NA,39,Commuting,6/10,19.21
1,Nielah-Eyden,28-Feb,IE,24,Commuting,6/10,19
1,Nielah-Eyden,Apr,IE,25,Commuting,6/10,19.51
1,Nielah-Eyden,17-Sep,Chrome,16,Commuting,5/10,18.27
1,Lunna-Keetra,02-Jan,Safari,33,Leisure,8/10,12.97
1,Nielah-Eyden,19-Aug,Firefox,35,Commuting,6/10,19
1,Nielah-Eyden,09-May,Firefox,44,Commuting,4/10,19.79
1,Nielah-Eyden,Jan,Chrome,42,Commuting,6/10,18.66
1,Nielah-Eyden,06-Aug,Chrome,20,Leisure,4/10,18.79
1,Nielah-Eyden,Oct,Safari,46,Commuting,5/10,18.98
0,Nielah-Eyden,15-Mar,Chrome,27,Leisure,4/10,18.99
1,Nielah-Eyden,May,Chrome,48,Commuting,8/10,18.14
1,Nielah-Eyden,May,Safari,26,Leisure,5/10,19.07
1,Nielah-Eyden,18-May,Chrome,-,Leisure,6/10,18.76
1,Nielah-Eyden,11-Mar,NA,39,Commuting,5/10,18.56
1,Nielah-Eyden,10-Nov,Chrome,21,Commuting,8/10,20.22
0,Nielah-Eyden,Nov,Safari,45,Commuting,3/10,18.51
1,Hoang-Eyden,Jul,IE,37,Leisure,3/10,20.47
